-- phpMyAdmin SQL Dump
-- version 5.2.1
-- https://www.phpmyadmin.net/
--
-- Host: 127.0.0.1
-- Generation Time: Jan 02, 2025 at 05:12 AM
-- Server version: 10.4.32-MariaDB
-- PHP Version: 8.2.12

SET SQL_MODE = "NO_AUTO_VALUE_ON_ZERO";
START TRANSACTION;
SET time_zone = "+00:00";


/*!40101 SET @OLD_CHARACTER_SET_CLIENT=@@CHARACTER_SET_CLIENT */;
/*!40101 SET @OLD_CHARACTER_SET_RESULTS=@@CHARACTER_SET_RESULTS */;
/*!40101 SET @OLD_COLLATION_CONNECTION=@@COLLATION_CONNECTION */;
/*!40101 SET NAMES utf8mb4 */;

--
-- Database: `ringolift`
--

-- --------------------------------------------------------

--
-- Table structure for table `admins`
--

CREATE TABLE `admins` (
  `id` int(11) NOT NULL,
  `username` varchar(255) NOT NULL,
  `password` varchar(255) DEFAULT NULL,
  `created_at` datetime DEFAULT NULL,
  `updated_at` datetime DEFAULT NULL
) ENGINE=InnoDB DEFAULT CHARSET=utf8mb4 COLLATE=utf8mb4_general_ci;

-- --------------------------------------------------------

--
-- Table structure for table `answers`
--

CREATE TABLE `answers` (
  `id` int(11) NOT NULL,
  `content` varchar(255) NOT NULL,
  `question_id` int(11) DEFAULT NULL,
  `created_at` datetime DEFAULT NULL,
  `updated_at` datetime DEFAULT NULL
) ENGINE=InnoDB DEFAULT CHARSET=utf8mb4 COLLATE=utf8mb4_general_ci;

--
-- Dumping data for table `answers`
--

INSERT INTO `answers` (`id`, `content`, `question_id`, `created_at`, `updated_at`) VALUES
(1, 'dog', 1, '2024-12-29 13:26:18', '2024-12-29 13:26:18'),
(2, 'dog', 2, '2024-12-29 13:26:23', '2024-12-29 13:26:23'),
(3, 'dog', 3, '2024-12-29 13:26:25', '2024-12-29 13:26:25'),
(4, 'dog', 4, '2024-12-29 13:26:27', '2024-12-29 13:26:27'),
(5, 'dog', 5, '2024-12-29 13:26:29', '2024-12-29 13:26:29'),
(6, 'dog', 6, '2024-12-29 13:26:31', '2024-12-29 13:26:31'),
(7, 'dog', 7, '2024-12-29 13:26:34', '2024-12-29 13:26:34'),
(8, 'dog', 8, '2024-12-29 13:26:36', '2024-12-29 13:26:36'),
(9, 'dog', 9, '2024-12-29 13:26:38', '2024-12-29 13:26:38'),
(10, 'dog', 10, '2024-12-29 13:26:40', '2024-12-29 13:26:40'),
(11, 'cat', 1, '2024-12-29 13:26:47', '2024-12-29 13:26:47'),
(12, 'bird', 1, '2024-12-29 13:26:51', '2024-12-29 13:26:51'),
(13, 'fish', 1, '2024-12-29 13:26:54', '2024-12-29 13:26:54'),
(14, 'rabbit', 2, '2024-12-29 13:27:00', '2024-12-29 13:27:00'),
(15, 'turtle', 2, '2024-12-29 13:27:03', '2024-12-29 13:27:03'),
(16, 'parrot', 2, '2024-12-29 13:27:06', '2024-12-29 13:27:06'),
(18, 'hamster', 3, '2024-12-29 13:27:31', '2024-12-29 13:27:31'),
(19, 'lizard', 3, '2024-12-29 13:27:36', '2024-12-29 13:27:36'),
(20, 'horse', 3, '2024-12-29 13:27:39', '2024-12-29 13:27:39'),
(21, 'fox', 4, '2024-12-29 13:27:44', '2024-12-29 13:27:44'),
(22, 'elephant', 4, '2024-12-29 13:27:47', '2024-12-29 13:27:47'),
(23, 'dolphin', 4, '2024-12-29 13:27:51', '2024-12-29 13:27:51'),
(24, 'goat', 5, '2024-12-29 13:27:57', '2024-12-29 13:27:57'),
(25, 'sheep', 5, '2024-12-29 13:28:00', '2024-12-29 13:28:00'),
(26, 'cow', 5, '2024-12-29 13:28:03', '2024-12-29 13:28:03'),
(27, 'kitten', 6, '2024-12-29 13:28:08', '2024-12-29 13:28:08'),
(28, 'pony', 6, '2024-12-29 13:28:11', '2024-12-29 13:28:11'),
(29, 'duck', 6, '2024-12-29 13:28:14', '2024-12-29 13:28:14'),
(30, 'fox', 7, '2024-12-29 13:28:21', '2024-12-29 13:28:21'),
(31, 'raccoon', 7, '2024-12-29 13:28:24', '2024-12-29 13:28:24'),
(32, 'squirrel', 7, '2024-12-29 13:28:27', '2024-12-29 13:28:27'),
(33, 'guinea pig', 8, '2024-12-29 13:28:35', '2024-12-29 13:28:35'),
(34, 'piglet', 8, '2024-12-29 13:28:40', '2024-12-29 13:28:40'),
(35, 'canary', 8, '2024-12-29 13:28:44', '2024-12-29 13:28:44'),
(36, 'cat', 9, '2024-12-29 13:28:49', '2024-12-29 13:28:49'),
(37, 'crow', 9, '2024-12-29 13:28:52', '2024-12-29 13:28:52'),
(38, 'goat', 9, '2024-12-29 13:28:56', '2024-12-29 13:28:56'),
(39, 'bear', 10, '2024-12-29 13:29:02', '2024-12-29 13:29:02'),
(40, 'owl', 10, '2024-12-29 13:29:05', '2024-12-29 13:29:05'),
(41, 'kangaroo', 10, '2024-12-29 13:29:09', '2024-12-29 13:29:09'),
(42, 'Paris', 11, '2025-01-02 10:11:26', '2025-01-02 10:11:26'),
(43, 'London', 11, '2025-01-02 10:11:26', '2025-01-02 10:11:26'),
(44, 'Rome', 11, '2025-01-02 10:11:26', '2025-01-02 10:11:26'),
(45, 'Berlin', 11, '2025-01-02 10:11:26', '2025-01-02 10:11:26'),
(46, 'Mars', 12, '2025-01-02 10:11:26', '2025-01-02 10:11:26'),
(47, 'Jupiter', 12, '2025-01-02 10:11:26', '2025-01-02 10:11:26'),
(48, 'Saturn', 12, '2025-01-02 10:11:26', '2025-01-02 10:11:26'),
(49, 'Earth', 12, '2025-01-02 10:11:26', '2025-01-02 10:11:26'),
(50, '8', 13, '2025-01-02 10:11:26', '2025-01-02 10:11:26'),
(51, '6', 13, '2025-01-02 10:11:26', '2025-01-02 10:11:26'),
(52, '7', 13, '2025-01-02 10:11:26', '2025-01-02 10:11:26'),
(53, '9', 13, '2025-01-02 10:11:26', '2025-01-02 10:11:26'),
(54, 'Pacific', 14, '2025-01-02 10:11:26', '2025-01-02 10:11:26'),
(55, 'Atlantic', 14, '2025-01-02 10:11:26', '2025-01-02 10:11:26'),
(56, 'Indian', 14, '2025-01-02 10:11:26', '2025-01-02 10:11:26'),
(57, 'Arctic', 14, '2025-01-02 10:11:26', '2025-01-02 10:11:26'),
(58, 'H2O', 15, '2025-01-02 10:11:26', '2025-01-02 10:11:26'),
(59, 'CO2', 15, '2025-01-02 10:11:26', '2025-01-02 10:11:26'),
(60, 'O2', 15, '2025-01-02 10:11:26', '2025-01-02 10:11:26'),
(61, 'N2', 15, '2025-01-02 10:11:26', '2025-01-02 10:11:26'),
(62, 'went', 16, '2025-01-02 10:11:26', '2025-01-02 10:11:26'),
(63, 'goes', 16, '2025-01-02 10:11:26', '2025-01-02 10:11:26'),
(64, 'will go', 16, '2025-01-02 10:11:26', '2025-01-02 10:11:26'),
(65, 'going', 16, '2025-01-02 10:11:26', '2025-01-02 10:11:26'),
(66, 'rises', 17, '2025-01-02 10:11:26', '2025-01-02 10:11:26'),
(67, 'sets', 17, '2025-01-02 10:11:26', '2025-01-02 10:11:26'),
(68, 'shines', 17, '2025-01-02 10:11:26', '2025-01-02 10:11:26'),
(69, 'falls', 17, '2025-01-02 10:11:26', '2025-01-02 10:11:26'),
(70, 'joyful', 18, '2025-01-02 10:11:26', '2025-01-02 10:11:26'),
(71, 'sad', 18, '2025-01-02 10:11:26', '2025-01-02 10:11:26'),
(72, 'angry', 18, '2025-01-02 10:11:26', '2025-01-02 10:11:26'),
(73, 'bored', 18, '2025-01-02 10:11:26', '2025-01-02 10:11:26'),
(74, 'hot', 19, '2025-01-02 10:11:26', '2025-01-02 10:11:26'),
(75, 'cold', 19, '2025-01-02 10:11:26', '2025-01-02 10:11:26'),
(76, 'warm', 19, '2025-01-02 10:11:26', '2025-01-02 10:11:26'),
(77, 'freezing', 19, '2025-01-02 10:11:26', '2025-01-02 10:11:26'),
(78, 'than', 20, '2025-01-02 10:11:26', '2025-01-02 10:11:26'),
(79, 'as', 20, '2025-01-02 10:11:26', '2025-01-02 10:11:26'),
(80, 'like', 20, '2025-01-02 10:11:26', '2025-01-02 10:11:26'),
(81, 'in', 20, '2025-01-02 10:11:26', '2025-01-02 10:11:26'),
(82, 'mice', 21, '2025-01-02 10:11:26', '2025-01-02 10:11:26'),
(83, 'mouse', 21, '2025-01-02 10:11:26', '2025-01-02 10:11:26'),
(84, 'rats', 21, '2025-01-02 10:11:26', '2025-01-02 10:11:26'),
(85, 'cat', 21, '2025-01-02 10:11:26', '2025-01-02 10:11:26'),
(86, 'apple', 22, '2025-01-02 10:11:26', '2025-01-02 10:11:26'),
(87, 'carrot', 22, '2025-01-02 10:11:26', '2025-01-02 10:11:26'),
(88, 'potato', 22, '2025-01-02 10:11:26', '2025-01-02 10:11:26'),
(89, 'onion', 22, '2025-01-02 10:11:26', '2025-01-02 10:11:26'),
(90, 'necessary', 23, '2025-01-02 10:11:26', '2025-01-02 10:11:26'),
(91, 'neccessary', 23, '2025-01-02 10:11:26', '2025-01-02 10:11:26'),
(92, 'nescessary', 23, '2025-01-02 10:11:26', '2025-01-02 10:11:26'),
(93, 'nesessary', 23, '2025-01-02 10:11:26', '2025-01-02 10:11:26'),
(94, 'book', 24, '2025-01-02 10:11:26', '2025-01-02 10:11:26'),
(95, 'run', 24, '2025-01-02 10:11:26', '2025-01-02 10:11:26'),
(96, 'beautiful', 24, '2025-01-02 10:11:26', '2025-01-02 10:11:26'),
(97, 'quick', 24, '2025-01-02 10:11:26', '2025-01-02 10:11:26'),
(98, '5', 25, '2025-01-02 10:11:26', '2025-01-02 10:11:26'),
(99, '10', 25, '2025-01-02 10:11:26', '2025-01-02 10:11:26'),
(100, '2', 25, '2025-01-02 10:11:26', '2025-01-02 10:11:26'),
(101, '0', 25, '2025-01-02 10:11:26', '2025-01-02 10:11:26'),
(102, 'enjoys', 26, '2025-01-02 10:11:26', '2025-01-02 10:11:26'),
(103, 'play', 26, '2025-01-02 10:11:26', '2025-01-02 10:11:26'),
(104, 'plays', 26, '2025-01-02 10:11:26', '2025-01-02 10:11:26'),
(105, 'played', 26, '2025-01-02 10:11:26', '2025-01-02 10:11:26'),
(106, 'legs', 27, '2025-01-02 10:11:26', '2025-01-02 10:11:26'),
(107, 'hands', 27, '2025-01-02 10:11:26', '2025-01-02 10:11:26'),
(108, 'ears', 27, '2025-01-02 10:11:26', '2025-01-02 10:11:26'),
(109, 'eyes', 27, '2025-01-02 10:11:26', '2025-01-02 10:11:26'),
(110, 'beautiful', 28, '2025-01-02 10:11:26', '2025-01-02 10:11:26'),
(111, 'run', 28, '2025-01-02 10:11:26', '2025-01-02 10:11:26'),
(112, 'quickly', 28, '2025-01-02 10:11:26', '2025-01-02 10:11:26'),
(113, 'elegant', 28, '2025-01-02 10:11:26', '2025-01-02 10:11:26'),
(114, 'ran', 29, '2025-01-02 10:11:26', '2025-01-02 10:11:26'),
(115, 'run', 29, '2025-01-02 10:11:26', '2025-01-02 10:11:26'),
(116, 'running', 29, '2025-01-02 10:11:26', '2025-01-02 10:11:26'),
(117, 'runned', 29, '2025-01-02 10:11:26', '2025-01-02 10:11:26'),
(118, 'The', 30, '2025-01-02 10:11:26', '2025-01-02 10:11:26'),
(119, 'A', 30, '2025-01-02 10:11:26', '2025-01-02 10:11:26'),
(120, 'An', 30, '2025-01-02 10:11:26', '2025-01-02 10:11:26'),
(121, 'Some', 30, '2025-01-02 10:11:26', '2025-01-02 10:11:26'),
(122, 'quick', 31, '2025-01-02 10:11:26', '2025-01-02 10:11:26'),
(123, 'slow', 31, '2025-01-02 10:11:26', '2025-01-02 10:11:26'),
(124, 'tiny', 31, '2025-01-02 10:11:26', '2025-01-02 10:11:26'),
(125, 'lazy', 31, '2025-01-02 10:11:26', '2025-01-02 10:11:26'),
(126, 'bought', 32, '2025-01-02 10:11:26', '2025-01-02 10:11:26'),
(127, 'buys', 32, '2025-01-02 10:11:26', '2025-01-02 10:11:26'),
(128, 'buy', 32, '2025-01-02 10:11:26', '2025-01-02 10:11:26'),
(129, 'buying', 32, '2025-01-02 10:11:26', '2025-01-02 10:11:26'),
(130, 'flock', 33, '2025-01-02 10:11:26', '2025-01-02 10:11:26'),
(131, 'group', 33, '2025-01-02 10:11:26', '2025-01-02 10:11:26'),
(132, 'crowd', 33, '2025-01-02 10:11:26', '2025-01-02 10:11:26'),
(133, 'herd', 33, '2025-01-02 10:11:26', '2025-01-02 10:11:26'),
(134, 'down', 34, '2025-01-02 10:11:26', '2025-01-02 10:11:26'),
(135, 'up', 34, '2025-01-02 10:11:26', '2025-01-02 10:11:26'),
(136, 'left', 34, '2025-01-02 10:11:26', '2025-01-02 10:11:26'),
(137, 'right', 34, '2025-01-02 10:11:26', '2025-01-02 10:11:26'),
(138, 'is', 35, '2025-01-02 10:11:26', '2025-01-02 10:11:26'),
(139, 'are', 35, '2025-01-02 10:11:26', '2025-01-02 10:11:26'),
(140, 'was', 35, '2025-01-02 10:11:26', '2025-01-02 10:11:26'),
(141, 'were', 35, '2025-01-02 10:11:26', '2025-01-02 10:11:26'),
(142, 'go', 36, '2025-01-02 10:11:26', '2025-01-02 10:11:26'),
(143, 'goes', 36, '2025-01-02 10:11:26', '2025-01-02 10:11:26'),
(144, 'went', 36, '2025-01-02 10:11:26', '2025-01-02 10:11:26'),
(145, 'going', 36, '2025-01-02 10:11:26', '2025-01-02 10:11:26'),
(146, 'large', 37, '2025-01-02 10:11:26', '2025-01-02 10:11:26'),
(147, 'tiny', 37, '2025-01-02 10:11:26', '2025-01-02 10:11:26'),
(148, 'quick', 37, '2025-01-02 10:11:26', '2025-01-02 10:11:26'),
(149, 'slow', 37, '2025-01-02 10:11:26', '2025-01-02 10:11:26'),
(150, 'receive', 38, '2025-01-02 10:11:26', '2025-01-02 10:11:26'),
(151, 'recieve', 38, '2025-01-02 10:11:26', '2025-01-02 10:11:26'),
(152, 'receve', 38, '2025-01-02 10:11:26', '2025-01-02 10:11:26'),
(153, 'reseve', 38, '2025-01-02 10:11:26', '2025-01-02 10:11:26'),
(154, 'ate', 39, '2025-01-02 10:11:26', '2025-01-02 10:11:26'),
(155, 'eats', 39, '2025-01-02 10:11:26', '2025-01-02 10:11:26'),
(156, 'eat', 39, '2025-01-02 10:11:26', '2025-01-02 10:11:26'),
(157, 'eating', 39, '2025-01-02 10:11:26', '2025-01-02 10:11:26'),
(158, 'stars', 40, '2025-01-02 10:11:26', '2025-01-02 10:11:26'),
(159, 'moons', 40, '2025-01-02 10:11:26', '2025-01-02 10:11:26'),
(160, 'clouds', 40, '2025-01-02 10:11:26', '2025-01-02 10:11:26'),
(161, 'planets', 40, '2025-01-02 10:11:26', '2025-01-02 10:11:26'),
(162, 'night', 41, '2025-01-02 10:11:26', '2025-01-02 10:11:26'),
(163, 'day', 41, '2025-01-02 10:11:26', '2025-01-02 10:11:26'),
(164, 'morning', 41, '2025-01-02 10:11:26', '2025-01-02 10:11:26'),
(165, 'evening', 41, '2025-01-02 10:11:26', '2025-01-02 10:11:26'),
(166, 'has done', 42, '2025-01-02 10:11:26', '2025-01-02 10:11:26'),
(167, 'done', 42, '2025-01-02 10:11:26', '2025-01-02 10:11:26'),
(168, 'doing', 42, '2025-01-02 10:11:26', '2025-01-02 10:11:26'),
(169, 'has doing', 42, '2025-01-02 10:11:26', '2025-01-02 10:11:26'),
(170, 'children', 43, '2025-01-02 10:11:26', '2025-01-02 10:11:26'),
(171, 'childs', 43, '2025-01-02 10:11:26', '2025-01-02 10:11:26'),
(172, 'child', 43, '2025-01-02 10:11:26', '2025-01-02 10:11:26'),
(173, 'childrens', 43, '2025-01-02 10:11:26', '2025-01-02 10:11:26'),
(174, 'bright', 44, '2025-01-02 10:11:26', '2025-01-02 10:11:26'),
(175, 'dark', 44, '2025-01-02 10:11:26', '2025-01-02 10:11:26'),
(176, 'dim', 44, '2025-01-02 10:11:26', '2025-01-02 10:11:26'),
(177, 'dull', 44, '2025-01-02 10:11:26', '2025-01-02 10:11:26'),
(178, 'on', 45, '2025-01-02 10:11:26', '2025-01-02 10:11:26'),
(179, 'in', 45, '2025-01-02 10:11:26', '2025-01-02 10:11:26'),
(180, 'under', 45, '2025-01-02 10:11:26', '2025-01-02 10:11:26'),
(181, 'over', 45, '2025-01-02 10:11:26', '2025-01-02 10:11:26'),
(182, 'five', 46, '2025-01-02 10:11:26', '2025-01-02 10:11:26'),
(183, 'four', 46, '2025-01-02 10:11:26', '2025-01-02 10:11:26'),
(184, 'six', 46, '2025-01-02 10:11:26', '2025-01-02 10:11:26'),
(185, 'three', 46, '2025-01-02 10:11:26', '2025-01-02 10:11:26'),
(186, 'big', 47, '2025-01-02 10:11:26', '2025-01-02 10:11:26'),
(187, 'small', 47, '2025-01-02 10:11:26', '2025-01-02 10:11:26'),
(188, 'tiny', 47, '2025-01-02 10:11:26', '2025-01-02 10:11:26'),
(189, 'huge', 47, '2025-01-02 10:11:26', '2025-01-02 10:11:26'),
(190, 'going', 48, '2025-01-02 10:11:26', '2025-01-02 10:11:26'),
(191, 'goes', 48, '2025-01-02 10:11:26', '2025-01-02 10:11:26'),
(192, 'went', 48, '2025-01-02 10:11:26', '2025-01-02 10:11:26'),
(193, 'gone', 48, '2025-01-02 10:11:26', '2025-01-02 10:11:26'),
(194, 'was', 49, '2025-01-02 10:11:26', '2025-01-02 10:11:26'),
(195, 'were', 49, '2025-01-02 10:11:26', '2025-01-02 10:11:26'),
(196, 'is', 49, '2025-01-02 10:11:26', '2025-01-02 10:11:26'),
(197, 'are', 49, '2025-01-02 10:11:26', '2025-01-02 10:11:26'),
(198, 'intelligent', 50, '2025-01-02 10:11:26', '2025-01-02 10:11:26'),
(199, 'dumb', 50, '2025-01-02 10:11:26', '2025-01-02 10:11:26'),
(200, 'slow', 50, '2025-01-02 10:11:26', '2025-01-02 10:11:26'),
(201, 'smart', 50, '2025-01-02 10:11:26', '2025-01-02 10:11:26'),
(202, 'sun', 51, '2025-01-02 10:11:26', '2025-01-02 10:11:26'),
(203, 'moon', 51, '2025-01-02 10:11:26', '2025-01-02 10:11:26'),
(204, 'earth', 51, '2025-01-02 10:11:26', '2025-01-02 10:11:26'),
(205, 'stars', 51, '2025-01-02 10:11:26', '2025-01-02 10:11:26'),
(206, 'built', 52, '2025-01-02 10:11:26', '2025-01-02 10:11:26'),
(207, 'builds', 52, '2025-01-02 10:11:26', '2025-01-02 10:11:26'),
(208, 'building', 52, '2025-01-02 10:11:26', '2025-01-02 10:11:26'),
(209, 'build', 52, '2025-01-02 10:11:26', '2025-01-02 10:11:26'),
(210, 'tall', 53, '2025-01-02 10:11:26', '2025-01-02 10:11:26'),
(211, 'short', 53, '2025-01-02 10:11:26', '2025-01-02 10:11:26'),
(212, 'tiny', 53, '2025-01-02 10:11:26', '2025-01-02 10:11:26'),
(213, 'big', 53, '2025-01-02 10:11:26', '2025-01-02 10:11:26'),
(214, 'beginning', 54, '2025-01-02 10:11:26', '2025-01-02 10:11:26'),
(215, 'beggining', 54, '2025-01-02 10:11:26', '2025-01-02 10:11:26'),
(216, 'begening', 54, '2025-01-02 10:11:26', '2025-01-02 10:11:26'),
(217, 'beginnning', 54, '2025-01-02 10:11:26', '2025-01-02 10:11:26'),
(218, 'fish', 55, '2025-01-02 10:11:26', '2025-01-02 10:11:26'),
(219, 'fishes', 55, '2025-01-02 10:11:26', '2025-01-02 10:11:26'),
(220, 'fishs', 55, '2025-01-02 10:11:26', '2025-01-02 10:11:26'),
(221, 'fishing', 55, '2025-01-02 10:11:26', '2025-01-02 10:11:26'),
(222, 'went', 56, '2025-01-02 10:11:26', '2025-01-02 10:11:26'),
(223, 'goes', 56, '2025-01-02 10:11:26', '2025-01-02 10:11:26'),
(224, 'gone', 56, '2025-01-02 10:11:26', '2025-01-02 10:11:26'),
(225, 'going', 56, '2025-01-02 10:11:26', '2025-01-02 10:11:26'),
(226, 'as', 57, '2025-01-02 10:11:26', '2025-01-02 10:11:26'),
(227, 'like', 57, '2025-01-02 10:11:26', '2025-01-02 10:11:26'),
(228, 'than', 57, '2025-01-02 10:11:26', '2025-01-02 10:11:26'),
(229, 'from', 57, '2025-01-02 10:11:26', '2025-01-02 10:11:26'),
(230, 'content', 58, '2025-01-02 10:11:26', '2025-01-02 10:11:26'),
(231, 'happy', 58, '2025-01-02 10:11:26', '2025-01-02 10:11:26'),
(232, 'sad', 58, '2025-01-02 10:11:26', '2025-01-02 10:11:26'),
(233, 'angry', 58, '2025-01-02 10:11:26', '2025-01-02 10:11:26'),
(234, 'cat', 59, '2025-01-02 10:11:26', '2025-01-02 10:11:26'),
(235, 'dog', 59, '2025-01-02 10:11:26', '2025-01-02 10:11:26'),
(236, 'mouse', 59, '2025-01-02 10:11:26', '2025-01-02 10:11:26'),
(237, 'fish', 59, '2025-01-02 10:11:26', '2025-01-02 10:11:26'),
(238, 'sleeping', 60, '2025-01-02 10:11:26', '2025-01-02 10:11:26'),
(239, 'slept', 60, '2025-01-02 10:11:26', '2025-01-02 10:11:26'),
(240, 'sleeps', 60, '2025-01-02 10:11:26', '2025-01-02 10:11:26'),
(241, 'sleep', 60, '2025-01-02 10:11:26', '2025-01-02 10:11:26'),
(242, 'is', 61, '2025-01-02 10:30:58', '2025-01-02 10:30:58'),
(243, 'are', 61, '2025-01-02 10:30:58', '2025-01-02 10:30:58'),
(244, 'was', 61, '2025-01-02 10:30:58', '2025-01-02 10:30:58'),
(245, 'be', 61, '2025-01-02 10:30:58', '2025-01-02 10:30:58'),
(246, 'goes', 62, '2025-01-02 10:30:58', '2025-01-02 10:30:58'),
(247, 'go', 62, '2025-01-02 10:30:58', '2025-01-02 10:30:58'),
(248, 'gone', 62, '2025-01-02 10:30:58', '2025-01-02 10:30:58'),
(249, 'going', 62, '2025-01-02 10:30:58', '2025-01-02 10:30:58'),
(250, 'have', 63, '2025-01-02 10:30:58', '2025-01-02 10:30:58'),
(251, 'has', 63, '2025-01-02 10:30:58', '2025-01-02 10:30:58'),
(252, 'had', 63, '2025-01-02 10:30:58', '2025-01-02 10:30:58'),
(253, 'is', 63, '2025-01-02 10:30:58', '2025-01-02 10:30:58'),
(254, 'are', 64, '2025-01-02 10:30:58', '2025-01-02 10:30:58'),
(255, 'is', 64, '2025-01-02 10:30:58', '2025-01-02 10:30:58'),
(256, 'was', 64, '2025-01-02 10:30:58', '2025-01-02 10:30:58'),
(257, 'be', 64, '2025-01-02 10:30:58', '2025-01-02 10:30:58'),
(258, 'went', 65, '2025-01-02 10:30:58', '2025-01-02 10:30:58'),
(259, 'go', 65, '2025-01-02 10:30:58', '2025-01-02 10:30:58'),
(260, 'gone', 65, '2025-01-02 10:30:58', '2025-01-02 10:30:58'),
(261, 'going', 65, '2025-01-02 10:30:58', '2025-01-02 10:30:58'),
(262, 'would', 66, '2025-01-02 10:30:58', '2025-01-02 10:30:58'),
(263, 'will', 66, '2025-01-02 10:30:58', '2025-01-02 10:30:58'),
(264, 'can', 66, '2025-01-02 10:30:58', '2025-01-02 10:30:58'),
(265, 'shall', 66, '2025-01-02 10:30:58', '2025-01-02 10:30:58'),
(266, 'had', 67, '2025-01-02 10:30:58', '2025-01-02 10:30:58'),
(267, 'have', 67, '2025-01-02 10:30:58', '2025-01-02 10:30:58'),
(268, 'has', 67, '2025-01-02 10:30:58', '2025-01-02 10:30:58'),
(269, 'is', 67, '2025-01-02 10:30:58', '2025-01-02 10:30:58'),
(270, 'does', 68, '2025-01-02 10:30:58', '2025-01-02 10:30:58'),
(271, 'do', 68, '2025-01-02 10:30:58', '2025-01-02 10:30:58'),
(272, 'did', 68, '2025-01-02 10:30:58', '2025-01-02 10:30:58'),
(273, 'is', 68, '2025-01-02 10:30:58', '2025-01-02 10:30:58'),
(274, 'are', 69, '2025-01-02 10:30:58', '2025-01-02 10:30:58'),
(275, 'is', 69, '2025-01-02 10:30:58', '2025-01-02 10:30:58'),
(276, 'was', 69, '2025-01-02 10:30:58', '2025-01-02 10:30:58'),
(277, 'were', 69, '2025-01-02 10:30:58', '2025-01-02 10:30:58'),
(278, 'will have', 70, '2025-01-02 10:30:58', '2025-01-02 10:30:58'),
(279, 'has', 70, '2025-01-02 10:30:58', '2025-01-02 10:30:58'),
(280, 'had', 70, '2025-01-02 10:30:58', '2025-01-02 10:30:58'),
(281, 'have', 70, '2025-01-02 10:30:58', '2025-01-02 10:30:58'),
(282, 'were', 71, '2025-01-02 10:30:58', '2025-01-02 10:30:58'),
(283, 'was', 71, '2025-01-02 10:30:58', '2025-01-02 10:30:58'),
(284, 'are', 71, '2025-01-02 10:30:58', '2025-01-02 10:30:58'),
(285, 'is', 71, '2025-01-02 10:30:58', '2025-01-02 10:30:58'),
(286, 'has', 72, '2025-01-02 10:30:58', '2025-01-02 10:30:58'),
(287, 'have', 72, '2025-01-02 10:30:58', '2025-01-02 10:30:58'),
(288, 'had', 72, '2025-01-02 10:30:58', '2025-01-02 10:30:58'),
(289, 'is', 72, '2025-01-02 10:30:58', '2025-01-02 10:30:58'),
(290, 'used to', 73, '2025-01-02 10:30:58', '2025-01-02 10:30:58'),
(291, 'use to', 73, '2025-01-02 10:30:58', '2025-01-02 10:30:58'),
(292, 'using to', 73, '2025-01-02 10:30:58', '2025-01-02 10:30:58'),
(293, 'used', 73, '2025-01-02 10:30:58', '2025-01-02 10:30:58'),
(294, 'is', 74, '2025-01-02 10:30:58', '2025-01-02 10:30:58'),
(295, 'are', 74, '2025-01-02 10:30:58', '2025-01-02 10:30:58'),
(296, 'was', 74, '2025-01-02 10:30:58', '2025-01-02 10:30:58'),
(297, 'were', 74, '2025-01-02 10:30:58', '2025-01-02 10:30:58'),
(298, 'am going', 75, '2025-01-02 10:30:58', '2025-01-02 10:30:58'),
(299, 'is going', 75, '2025-01-02 10:30:58', '2025-01-02 10:30:58'),
(300, 'are going', 75, '2025-01-02 10:30:58', '2025-01-02 10:30:58'),
(301, 'will go', 75, '2025-01-02 10:30:58', '2025-01-02 10:30:58'),
(302, 'do', 76, '2025-01-02 10:30:58', '2025-01-02 10:30:58'),
(303, 'does', 76, '2025-01-02 10:30:58', '2025-01-02 10:30:58'),
(304, 'did', 76, '2025-01-02 10:30:58', '2025-01-02 10:30:58'),
(305, 'is', 76, '2025-01-02 10:30:58', '2025-01-02 10:30:58'),
(306, 'has been', 77, '2025-01-02 10:30:58', '2025-01-02 10:30:58'),
(307, 'have been', 77, '2025-01-02 10:30:58', '2025-01-02 10:30:58'),
(308, 'was', 77, '2025-01-02 10:30:58', '2025-01-02 10:30:58'),
(309, 'is', 77, '2025-01-02 10:30:58', '2025-01-02 10:30:58'),
(310, 'will', 78, '2025-01-02 10:30:58', '2025-01-02 10:30:58'),
(311, 'shall', 78, '2025-01-02 10:30:58', '2025-01-02 10:30:58'),
(312, 'can', 78, '2025-01-02 10:30:58', '2025-01-02 10:30:58'),
(313, 'should', 78, '2025-01-02 10:30:58', '2025-01-02 10:30:58'),
(314, 'will', 79, '2025-01-02 10:30:58', '2025-01-02 10:30:58'),
(315, 'shall', 79, '2025-01-02 10:30:58', '2025-01-02 10:30:58'),
(316, 'can', 79, '2025-01-02 10:30:58', '2025-01-02 10:30:58'),
(317, 'should', 79, '2025-01-02 10:30:58', '2025-01-02 10:30:58'),
(318, 'do', 80, '2025-01-02 10:30:58', '2025-01-02 10:30:58'),
(319, 'does', 80, '2025-01-02 10:30:58', '2025-01-02 10:30:58'),
(320, 'did', 80, '2025-01-02 10:30:58', '2025-01-02 10:30:58'),
(321, 'is', 80, '2025-01-02 10:30:58', '2025-01-02 10:30:58'),
(322, 'was', 81, '2025-01-02 10:45:43', '2025-01-02 10:45:43'),
(323, 'is', 81, '2025-01-02 10:45:43', '2025-01-02 10:45:43'),
(324, 'are', 81, '2025-01-02 10:45:43', '2025-01-02 10:45:43'),
(325, 'be', 81, '2025-01-02 10:45:43', '2025-01-02 10:45:43'),
(326, 'have', 82, '2025-01-02 10:45:43', '2025-01-02 10:45:43'),
(327, 'has', 82, '2025-01-02 10:45:43', '2025-01-02 10:45:43'),
(328, 'had', 82, '2025-01-02 10:45:43', '2025-01-02 10:45:43'),
(329, 'was', 82, '2025-01-02 10:45:43', '2025-01-02 10:45:43'),
(330, 'were', 83, '2025-01-02 10:45:43', '2025-01-02 10:45:43'),
(331, 'was', 83, '2025-01-02 10:45:43', '2025-01-02 10:45:43'),
(332, 'is', 83, '2025-01-02 10:45:43', '2025-01-02 10:45:43'),
(333, 'be', 83, '2025-01-02 10:45:43', '2025-01-02 10:45:43'),
(334, 'will', 84, '2025-01-02 10:45:43', '2025-01-02 10:45:43'),
(335, 'would', 84, '2025-01-02 10:45:43', '2025-01-02 10:45:43'),
(336, 'shall', 84, '2025-01-02 10:45:43', '2025-01-02 10:45:43'),
(337, 'may', 84, '2025-01-02 10:45:43', '2025-01-02 10:45:43'),
(338, 'has finished', 85, '2025-01-02 10:45:43', '2025-01-02 10:45:43'),
(339, 'have finished', 85, '2025-01-02 10:45:43', '2025-01-02 10:45:43'),
(340, 'finished', 85, '2025-01-02 10:45:43', '2025-01-02 10:45:43'),
(341, 'was finished', 85, '2025-01-02 10:45:43', '2025-01-02 10:45:43'),
(342, 'is', 86, '2025-01-02 10:45:58', '2025-01-02 10:45:58'),
(343, 'are', 86, '2025-01-02 10:45:58', '2025-01-02 10:45:58'),
(344, 'was', 86, '2025-01-02 10:45:58', '2025-01-02 10:45:58'),
(345, 'be', 86, '2025-01-02 10:45:58', '2025-01-02 10:45:58'),
(346, 'did not', 87, '2025-01-02 10:45:58', '2025-01-02 10:45:58'),
(347, 'do not', 87, '2025-01-02 10:45:58', '2025-01-02 10:45:58'),
(348, 'does not', 87, '2025-01-02 10:45:58', '2025-01-02 10:45:58'),
(349, 'was not', 87, '2025-01-02 10:45:58', '2025-01-02 10:45:58'),
(350, 'are', 88, '2025-01-02 10:45:58', '2025-01-02 10:45:58'),
(351, 'is', 88, '2025-01-02 10:45:58', '2025-01-02 10:45:58'),
(352, 'will', 88, '2025-01-02 10:45:58', '2025-01-02 10:45:58'),
(353, 'was', 88, '2025-01-02 10:45:58', '2025-01-02 10:45:58'),
(354, 'is', 89, '2025-01-02 10:45:58', '2025-01-02 10:45:58'),
(355, 'are', 89, '2025-01-02 10:45:58', '2025-01-02 10:45:58'),
(356, 'be', 89, '2025-01-02 10:45:58', '2025-01-02 10:45:58'),
(357, 'was', 89, '2025-01-02 10:45:58', '2025-01-02 10:45:58'),
(358, 'go', 90, '2025-01-02 10:45:58', '2025-01-02 10:45:58'),
(359, 'goes', 90, '2025-01-02 10:45:58', '2025-01-02 10:45:58'),
(360, 'going', 90, '2025-01-02 10:45:58', '2025-01-02 10:45:58'),
(361, 'went', 90, '2025-01-02 10:45:58', '2025-01-02 10:45:58'),
(362, 'was', 91, '2025-01-02 10:47:30', '2025-01-02 10:47:30'),
(363, 'is', 91, '2025-01-02 10:47:30', '2025-01-02 10:47:30'),
(364, 'are', 91, '2025-01-02 10:47:30', '2025-01-02 10:47:30'),
(365, 'be', 91, '2025-01-02 10:47:30', '2025-01-02 10:47:30'),
(366, 'has', 92, '2025-01-02 10:47:30', '2025-01-02 10:47:30'),
(367, 'have', 92, '2025-01-02 10:47:30', '2025-01-02 10:47:30'),
(368, 'had', 92, '2025-01-02 10:47:30', '2025-01-02 10:47:30'),
(369, 'was', 92, '2025-01-02 10:47:30', '2025-01-02 10:47:30'),
(370, 'had', 93, '2025-01-02 10:47:30', '2025-01-02 10:47:30'),
(371, 'has', 93, '2025-01-02 10:47:30', '2025-01-02 10:47:30'),
(372, 'have', 93, '2025-01-02 10:47:30', '2025-01-02 10:47:30'),
(373, 'did', 93, '2025-01-02 10:47:30', '2025-01-02 10:47:30'),
(374, 'did', 94, '2025-01-02 10:47:30', '2025-01-02 10:47:30'),
(375, 'do', 94, '2025-01-02 10:47:30', '2025-01-02 10:47:30'),
(376, 'does', 94, '2025-01-02 10:47:30', '2025-01-02 10:47:30'),
(377, 'was', 94, '2025-01-02 10:47:30', '2025-01-02 10:47:30'),
(378, 'will have', 95, '2025-01-02 10:47:30', '2025-01-02 10:47:30'),
(379, 'has', 95, '2025-01-02 10:47:30', '2025-01-02 10:47:30'),
(380, 'had', 95, '2025-01-02 10:47:30', '2025-01-02 10:47:30'),
(381, 'will', 95, '2025-01-02 10:47:30', '2025-01-02 10:47:30'),
(382, 'goes', 96, '2025-01-02 10:47:30', '2025-01-02 10:47:30'),
(383, 'go', 96, '2025-01-02 10:47:30', '2025-01-02 10:47:30'),
(384, 'going', 96, '2025-01-02 10:47:30', '2025-01-02 10:47:30'),
(385, 'went', 96, '2025-01-02 10:47:30', '2025-01-02 10:47:30'),
(386, 'will be', 97, '2025-01-02 10:47:30', '2025-01-02 10:47:30'),
(387, 'is', 97, '2025-01-02 10:47:30', '2025-01-02 10:47:30'),
(388, 'are', 97, '2025-01-02 10:47:30', '2025-01-02 10:47:30'),
(389, 'was', 97, '2025-01-02 10:47:30', '2025-01-02 10:47:30'),
(390, 'had', 98, '2025-01-02 10:47:30', '2025-01-02 10:47:30'),
(391, 'has', 98, '2025-01-02 10:47:30', '2025-01-02 10:47:30'),
(392, 'have', 98, '2025-01-02 10:47:30', '2025-01-02 10:47:30'),
(393, 'was', 98, '2025-01-02 10:47:30', '2025-01-02 10:47:30'),
(394, 'arrives', 99, '2025-01-02 10:47:30', '2025-01-02 10:47:30'),
(395, 'arrive', 99, '2025-01-02 10:47:30', '2025-01-02 10:47:30'),
(396, 'arriving', 99, '2025-01-02 10:47:30', '2025-01-02 10:47:30'),
(397, 'arrived', 99, '2025-01-02 10:47:30', '2025-01-02 10:47:30'),
(398, 'does', 100, '2025-01-02 10:47:30', '2025-01-02 10:47:30'),
(399, 'do', 100, '2025-01-02 10:47:30', '2025-01-02 10:47:30'),
(400, 'did', 100, '2025-01-02 10:47:30', '2025-01-02 10:47:30'),
(401, 'was', 100, '2025-01-02 10:47:30', '2025-01-02 10:47:30'),
(402, 'Paris', 11, '2025-01-02 11:11:43', '2025-01-02 11:11:43'),
(403, 'London', 11, '2025-01-02 11:11:43', '2025-01-02 11:11:43'),
(404, '4', 12, '2025-01-02 11:11:43', '2025-01-02 11:11:43'),
(405, '3', 12, '2025-01-02 11:11:43', '2025-01-02 11:11:43');

-- --------------------------------------------------------

--
-- Table structure for table `books`
--

CREATE TABLE `books` (
  `id` int(11) NOT NULL,
  `title` varchar(255) NOT NULL,
  `author` varchar(255) DEFAULT NULL,
  `genre_id` int(11) DEFAULT NULL,
  `published_date` date DEFAULT NULL,
  `isbn` varchar(255) DEFAULT NULL,
  `num_of_pages` int(11) DEFAULT NULL,
  `publisher` varchar(255) DEFAULT NULL,
  `description` text DEFAULT NULL,
  `cover_image` varchar(255) DEFAULT NULL,
  `content_url` varchar(255) DEFAULT NULL,
  `created_at` datetime DEFAULT NULL,
  `updated_at` datetime DEFAULT NULL
) ENGINE=InnoDB DEFAULT CHARSET=utf8mb4 COLLATE=utf8mb4_general_ci;

--
-- Dumping data for table `books`
--

INSERT INTO `books` (`id`, `title`, `author`, `genre_id`, `published_date`, `isbn`, `num_of_pages`, `publisher`, `description`, `cover_image`, `content_url`, `created_at`, `updated_at`) VALUES
(1, 'Artificial Intelligence: The Future', 'Emily Zhang', 7, '2021-03-10', '978-0-262-13472-9', 310, 'Tech Insights', 'A comprehensive guide to understanding AI and its impact on the world.', 'https://example.com/images/artificial-intelligence.jpg', 'artificial-intelligence.txt', '2024-12-14 10:13:32', '2024-12-14 10:13:32'),
(2, 'The Great Gatsby', 'F. Scott Fitzgerald', 1, '1925-04-10', '978-0743273565', 180, 'Scribner', 'A tale of the Jazz Age and the American Dream', 'gatsby.jpg', 'gatsby.txt', '2025-01-02 11:11:43', '2025-01-02 11:11:43'),
(3, 'To Kill a Mockingbird', 'Harper Lee', 1, '1960-07-11', '978-0446310789', 281, 'Grand Central', 'Classic of modern American literature', 'mockingbird.jpg', 'mockingbird.txt', '2025-01-02 11:11:43', '2025-01-02 11:11:43'),
(4, 'Data Science Basics', 'John Smith', 7, '2023-01-15', '978-1234567890', 400, 'Tech Books', 'Introduction to data science concepts', 'datascience.jpg', 'datascience.txt', '2025-01-02 11:11:43', '2025-01-02 11:11:43'),
(5, 'The Hobbit', 'J.R.R. Tolkien', 2, '1937-09-21', '978-0547928227', 304, 'Houghton Mifflin', 'Fantasy adventure novel', 'hobbit.jpg', 'hobbit.txt', '2025-01-02 11:11:43', '2025-01-02 11:11:43'),
(6, '1984', 'George Orwell', 3, '1949-06-08', '978-0451524935', 328, 'Signet Classic', 'Dystopian social science fiction', '1984.jpg', '1984.txt', '2025-01-02 11:11:43', '2025-01-02 11:11:43'),
(7, 'Pride and Prejudice', 'Jane Austen', 1, '1813-01-28', '978-0141439518', 432, 'Penguin Classics', 'A romantic novel of manners', 'pride.jpg', 'pride.txt', '2025-01-02 11:11:43', '2025-01-02 11:11:43'),
(8, 'Python Programming', 'Sarah Johnson', 7, '2024-01-01', '978-0987654321', 550, 'Code Masters', 'Comprehensive guide to Python programming', 'python.jpg', 'python.txt', '2025-01-02 11:11:43', '2025-01-02 11:11:43'),
(9, 'Dune', 'Frank Herbert', 2, '1965-08-01', '978-0441172719', 412, 'Ace Books', 'Epic science fiction novel', 'dune.jpg', 'dune.txt', '2025-01-02 11:11:43', '2025-01-02 11:11:43'),
(10, 'The Da Vinci Code', 'Dan Brown', 4, '2003-03-18', '978-0385504201', 454, 'Doubleday', 'Mystery thriller novel', 'davinci.jpg', 'davinci.txt', '2025-01-02 11:11:43', '2025-01-02 11:11:43'),
(11, 'Machine Learning Fundamentals', 'David Chen', 7, '2023-11-30', '978-1122334455', 480, 'AI Press', 'Introduction to machine learning concepts', 'ml.jpg', 'ml.txt', '2025-01-02 11:11:43', '2025-01-02 11:11:43'),
(12, 'The Alchemist', 'Paulo Coelho', 5, '1988-01-01', '978-0062315007', 208, 'HarperOne', 'Philosophical novel about following dreams', 'alchemist.jpg', 'alchemist.txt', '2025-01-02 11:11:43', '2025-01-02 11:11:43');

-- --------------------------------------------------------

--
-- Table structure for table `book_genre`
--

CREATE TABLE `book_genre` (
  `id` int(11) NOT NULL,
  `genre_type` varchar(50) NOT NULL,
  `created_at` datetime DEFAULT NULL,
  `updated_at` datetime DEFAULT NULL
) ENGINE=InnoDB DEFAULT CHARSET=utf8mb4 COLLATE=utf8mb4_general_ci;

--
-- Dumping data for table `book_genre`
--

INSERT INTO `book_genre` (`id`, `genre_type`, `created_at`, `updated_at`) VALUES
(1, 'HORROR', '2025-01-01 21:45:21', '2025-01-01 21:45:21'),
(2, 'FANTASY', '2025-01-01 21:45:21', '2025-01-01 21:45:21'),
(3, 'SCIENCE_FICTION', '2025-01-01 21:45:21', '2025-01-01 21:45:21'),
(4, 'ROMANCE', '2025-01-01 21:45:21', '2025-01-01 21:45:21'),
(5, 'MYSTERY', '2025-01-01 21:45:21', '2025-01-01 21:45:21'),
(6, 'THRILLER', '2025-01-01 21:45:21', '2025-01-01 21:45:21'),
(7, 'HISTORICAL', '2025-01-01 21:45:21', '2025-01-01 21:45:21'),
(8, 'ADVENTURE', '2025-01-01 21:45:21', '2025-01-01 21:45:21'),
(9, 'DYSTOPIAN', '2025-01-01 21:45:21', '2025-01-01 21:45:21'),
(10, 'BIOGRAPHY', '2025-01-01 21:45:21', '2025-01-01 21:45:21'),
(11, 'AUTOBIOGRAPHY', '2025-01-01 21:45:21', '2025-01-01 21:45:21'),
(12, 'SELF_HELP', '2025-01-01 21:45:21', '2025-01-01 21:45:21'),
(13, 'NON_FICTION', '2025-01-01 21:45:21', '2025-01-01 21:45:21'),
(14, 'POETRY', '2025-01-01 21:45:21', '2025-01-01 21:45:21'),
(15, 'CLASSICS', '2025-01-01 21:45:21', '2025-01-01 21:45:21'),
(16, 'DRAMA', '2025-01-01 21:45:21', '2025-01-01 21:45:21'),
(17, 'YOUNG_ADULT', '2025-01-01 21:45:21', '2025-01-01 21:45:21'),
(18, 'COMICS', '2025-01-01 21:45:21', '2025-01-01 21:45:21'),
(19, 'GRAPHIC_NOVEL', '2025-01-01 21:45:21', '2025-01-01 21:45:21'),
(20, 'LITERARY_FICTION', '2025-01-01 21:45:21', '2025-01-01 21:45:21'),
(21, 'CONTEMPORARY', '2025-01-01 21:45:21', '2025-01-01 21:45:21');

-- --------------------------------------------------------

--
-- Table structure for table `chapters`
--

CREATE TABLE `chapters` (
  `id` int(11) NOT NULL,
  `name` varchar(255) NOT NULL,
  `cover_image` varchar(255) DEFAULT NULL,
  `description` text DEFAULT NULL,
  `created_at` datetime DEFAULT NULL,
  `updated_at` datetime DEFAULT NULL
) ENGINE=InnoDB DEFAULT CHARSET=utf8mb4 COLLATE=utf8mb4_general_ci;

--
-- Dumping data for table `chapters`
--

INSERT INTO `chapters` (`id`, `name`, `cover_image`, `description`, `created_at`, `updated_at`) VALUES
(1, 'English Basics', 'https://www.vec.ca/wp-content/uploads/2019/03/English-Language-Level-System.jpg', 'An introduction to essential English language concepts and skills.', '2025-01-01 21:47:01', '2025-01-01 21:47:01'),
(2, 'Grammar Essentials', 'https://www.vec.ca/wp-content/uploads/2019/03/English-Language-Level-System.jpg', 'A comprehensive overview of basic grammar rules and their applications.', '2025-01-01 21:47:02', '2025-01-01 21:47:02'),
(3, 'Building Vocabulary', 'https://www.vec.ca/wp-content/uploads/2019/03/English-Language-Level-System.jpg', 'Expand your vocabulary with common words and phrases.', '2025-01-02 10:27:52', '2025-01-02 10:27:52'),
(4, 'Pronunciation Practice', 'https://www.vec.ca/wp-content/uploads/2019/03/English-Language-Level-System.jpg', 'Learn techniques to improve your English pronunciation and fluency.', '2024-12-15 16:52:06', '2024-12-15 16:52:06'),
(5, 'Listening and Speaking', 'https://www.vec.ca/wp-content/uploads/2019/03/English-Language-Level-System.jpg', 'Develop skills to listen and speak effectively in English conversations.', NULL, NULL),
(6, 'Reading and Understanding', 'https://www.vec.ca/wp-content/uploads/2019/03/English-Language-Level-System.jpg', 'Techniques to enhance reading comprehension and text analysis.', NULL, NULL),
(7, 'Effective Writing', 'https://www.vec.ca/wp-content/uploads/2019/03/English-Language-Level-System.jpg', 'Master the art of writing clear, concise, and well-structured texts in English.', NULL, NULL),
(8, 'Advanced Grammar Topics', 'https://www.vec.ca/wp-content/uploads/2019/03/English-Language-Level-System.jpg', 'Explore advanced grammar topics for fluent communication.', '2025-01-02 10:27:52', '2025-01-02 10:27:52'),
(9, 'English for Everyday Use', 'https://www.vec.ca/wp-content/uploads/2019/03/English-Language-Level-System.jpg', 'Learn practical English for daily conversations and interactions.', '2025-01-02 10:27:52', '2025-01-02 10:27:52'),
(10, 'Exam Preparation', 'https://www.vec.ca/wp-content/uploads/2019/03/English-Language-Level-System.jpg', 'Prepare effectively for English language exams.', '2025-01-02 10:27:52', '2025-01-02 10:27:52'),
(11, 'English Idioms and Expressions', 'https://www.vec.ca/wp-content/uploads/2019/03/English-Language-Level-System.jpg', 'Discover commonly used idioms and expressions to enhance your fluency.', '2025-01-02 10:54:39', '2025-01-02 10:54:39'),
(12, 'Business English', 'https://www.vec.ca/wp-content/uploads/2019/03/English-Language-Level-System.jpg', 'Develop communication skills for professional environments.', '2025-01-02 10:54:39', '2025-01-02 10:54:39'),
(13, 'Cultural Topics in English', 'https://www.vec.ca/wp-content/uploads/2019/03/English-Language-Level-System.jpg', 'Explore cultural topics to understand global perspectives in English.', '2025-01-02 10:54:39', '2025-01-02 10:54:39'),
(14, 'English for Academic Purposes', 'https://www.vec.ca/wp-content/uploads/2019/03/English-Language-Level-System.jpg', 'Learn English skills for research, essays, and academic presentations.', '2025-01-02 10:54:39', '2025-01-02 10:54:39'),
(15, 'Creative Writing in English', 'https://www.vec.ca/wp-content/uploads/2019/03/English-Language-Level-System.jpg', 'Develop your creativity through storytelling, poetry, and essays.', '2025-01-02 10:54:39', '2025-01-02 10:54:39');

-- --------------------------------------------------------

--
-- Table structure for table `chapter_progress`
--

CREATE TABLE `chapter_progress` (
  `id` int(11) NOT NULL,
  `user_id` int(11) DEFAULT NULL,
  `chapter_id` int(11) DEFAULT NULL,
  `unlocked` tinyint(1) DEFAULT NULL,
  `created_at` datetime DEFAULT NULL,
  `updated_at` datetime DEFAULT NULL
) ENGINE=InnoDB DEFAULT CHARSET=utf8mb4 COLLATE=utf8mb4_general_ci;

-- --------------------------------------------------------

--
-- Table structure for table `daily_progress`
--

CREATE TABLE `daily_progress` (
  `id` int(11) NOT NULL,
  `user_id` int(11) DEFAULT NULL,
  `time_spent` int(11) DEFAULT NULL,
  `lesson_count` int(11) DEFAULT NULL,
  `word_count` int(11) DEFAULT NULL,
  `created_at` datetime DEFAULT NULL,
  `updated_at` datetime DEFAULT NULL
) ENGINE=InnoDB DEFAULT CHARSET=utf8mb4 COLLATE=utf8mb4_general_ci;

--
-- Dumping data for table `daily_progress`
--

INSERT INTO `daily_progress` (`id`, `user_id`, `time_spent`, `lesson_count`, `word_count`, `created_at`, `updated_at`) VALUES
(40, 20, 0, 6, 0, '2024-12-29 21:01:36', '2024-12-29 21:21:57'),
(41, 20, 0, 0, 0, '2024-12-30 09:02:35', '2024-12-30 09:02:35'),
(42, 1, 0, 1, 0, '2025-01-01 22:49:28', '2025-01-01 22:49:28'),
(43, 1, 0, 4, 0, '2025-01-02 09:49:55', '2025-01-02 10:59:15');

-- --------------------------------------------------------

--
-- Table structure for table `feedback`
--

CREATE TABLE `feedback` (
  `id` int(11) NOT NULL,
  `user_id` int(11) DEFAULT NULL,
  `lesson_id` int(11) DEFAULT NULL,
  `stars` int(11) DEFAULT NULL,
  `comment` text DEFAULT NULL,
  `created_at` datetime DEFAULT NULL,
  `updated_at` datetime DEFAULT NULL
) ENGINE=InnoDB DEFAULT CHARSET=utf8mb4 COLLATE=utf8mb4_general_ci;

-- --------------------------------------------------------

--
-- Table structure for table `friends`
--

CREATE TABLE `friends` (
  `id` int(11) NOT NULL,
  `sender_id` int(11) DEFAULT NULL,
  `receiver_id` int(11) DEFAULT NULL,
  `status_id` int(11) DEFAULT NULL,
  `created_at` datetime DEFAULT NULL,
  `updated_at` datetime DEFAULT NULL
) ENGINE=InnoDB DEFAULT CHARSET=utf8mb4 COLLATE=utf8mb4_general_ci;

--
-- Dumping data for table `friends`
--

INSERT INTO `friends` (`id`, `sender_id`, `receiver_id`, `status_id`, `created_at`, `updated_at`) VALUES
(2, 1, 6, 1, '2024-12-14 12:31:48', '2024-12-14 12:31:48'),
(3, 6, 1, 1, '2024-12-14 14:19:15', '2024-12-14 14:19:15');

-- --------------------------------------------------------

--
-- Table structure for table `friend_status`
--

CREATE TABLE `friend_status` (
  `id` int(11) NOT NULL,
  `status_type` varchar(50) NOT NULL,
  `created_at` datetime DEFAULT NULL,
  `updated_at` datetime DEFAULT NULL
) ENGINE=InnoDB DEFAULT CHARSET=utf8mb4 COLLATE=utf8mb4_general_ci;

--
-- Dumping data for table `friend_status`
--

INSERT INTO `friend_status` (`id`, `status_type`, `created_at`, `updated_at`) VALUES
(1, 'PENDING', '2025-01-01 21:45:21', '2025-01-01 21:45:21'),
(2, 'REJECTED', '2025-01-01 21:45:21', '2025-01-01 21:45:21'),
(3, 'BLOCKED', '2025-01-01 21:45:21', '2025-01-01 21:45:21'),
(4, 'ACCEPTED', '2025-01-01 21:45:21', '2025-01-01 21:45:21');

-- --------------------------------------------------------

--
-- Table structure for table `goals`
--

CREATE TABLE `goals` (
  `id` int(11) NOT NULL,
  `time_spent` int(11) DEFAULT NULL,
  `lesson_count` int(11) DEFAULT NULL,
  `word_count` int(11) DEFAULT NULL,
  `created_at` datetime DEFAULT NULL,
  `updated_at` datetime DEFAULT NULL,
  `user_id` int(11) DEFAULT NULL
) ENGINE=InnoDB DEFAULT CHARSET=utf8mb4 COLLATE=utf8mb4_general_ci;

--
-- Dumping data for table `goals`
--

INSERT INTO `goals` (`id`, `time_spent`, `lesson_count`, `word_count`, `created_at`, `updated_at`, `user_id`) VALUES
(2, 1000, 5, 20, '2024-11-23 17:39:19', '2024-11-24 09:26:52', 20),
(3, 102, 23, 2787, '2024-11-24 09:26:10', '2024-11-24 09:26:10', 1),
(4, 102, 23, 2787, '2024-12-16 21:49:20', '2024-12-16 21:49:20', 12),
(5, 102, 23, 2787, '2024-12-16 21:49:27', '2024-12-16 21:49:27', 14),
(6, 102, 23, 2787, '2024-12-16 21:49:30', '2024-12-16 21:49:30', 2),
(7, 102, 23, 2787, '2024-12-16 21:49:39', '2024-12-16 21:49:39', 3),
(8, 102, 23, 2787, '2024-12-16 21:49:42', '2024-12-16 21:49:42', 4),
(9, 102, 23, 2787, '2024-12-16 21:50:11', '2024-12-16 21:50:11', NULL),
(10, 102, 23, 2787, '2024-12-16 21:50:11', '2024-12-16 21:50:11', NULL),
(11, 102, 23, 2787, '2024-12-16 21:50:30', '2024-12-16 21:50:30', NULL),
(12, 102, 23, 2787, '2024-12-16 21:50:30', '2024-12-16 21:50:30', NULL),
(13, 102, 23, 2787, '2024-12-16 21:50:50', '2024-12-16 21:50:50', NULL),
(14, 102, 23, 2787, '2024-12-16 21:50:50', '2024-12-16 21:50:50', NULL),
(15, 102, 23, 2787, '2024-12-16 21:51:05', '2024-12-16 21:51:05', NULL),
(16, 102, 23, 2787, '2024-12-16 21:51:09', '2024-12-16 21:51:09', NULL),
(17, 102, 23, 2787, '2024-12-16 21:51:13', '2024-12-16 21:51:13', NULL),
(18, 102, 23, 2787, '2024-12-16 21:51:56', '2024-12-16 21:51:56', NULL),
(19, 102, 23, 2787, '2024-12-16 21:52:02', '2024-12-16 21:52:02', NULL),
(20, 102, 23, 2787, '2024-12-16 21:52:08', '2024-12-16 21:52:08', NULL),
(21, 102, 23, 2787, '2024-12-16 21:52:17', '2024-12-16 21:52:17', NULL),
(22, 102, 23, 2787, '2024-12-16 21:52:47', '2024-12-16 21:52:47', NULL),
(23, 102, 23, 2787, '2024-12-16 22:08:07', '2024-12-16 22:08:07', NULL);

-- --------------------------------------------------------

--
-- Table structure for table `lessons`
--

CREATE TABLE `lessons` (
  `id` int(11) NOT NULL,
  `title` varchar(255) NOT NULL,
  `chapter_id` int(11) DEFAULT NULL,
  `description` text DEFAULT NULL,
  `created_at` datetime DEFAULT NULL,
  `updated_at` datetime DEFAULT NULL
) ENGINE=InnoDB DEFAULT CHARSET=utf8mb4 COLLATE=utf8mb4_general_ci;

--
-- Dumping data for table `lessons`
--

INSERT INTO `lessons` (`id`, `title`, `chapter_id`, `description`, `created_at`, `updated_at`) VALUES
(1, 'Introduction to English Grammar', 1, 'Learn the basics of English grammar, including sentence structure and parts of speech.', '2025-01-01 21:47:07', '2025-01-01 21:47:07'),
(2, 'Common English Vocabulary for Beginners', 1, 'Expand your vocabulary with commonly used English words and their meanings.', '2025-01-01 21:47:07', '2025-01-01 21:47:07'),
(3, 'Understanding Tenses in English', 1, 'Master the usage of past, present, and future tenses in English.', '2025-01-01 21:47:07', '2025-01-01 21:47:07'),
(4, 'How to Form Questions in English', 1, 'Learn how to form different types of questions using correct grammar.', '2025-01-01 21:47:07', '2025-01-01 21:47:07'),
(5, 'English Pronunciation Basics', 1, 'Improve your English pronunciation with tips and techniques.', '2025-01-01 21:47:07', '2025-01-01 21:47:07'),
(6, 'Practicing Speaking Skills', 1, 'Develop confidence in speaking English through various practice exercises.', '2025-01-01 21:47:07', '2025-01-01 21:47:07'),
(7, 'Listening Comprehension for Beginners', 1, 'Enhance your ability to understand spoken English in everyday contexts.', '2025-01-01 21:47:07', '2025-01-01 21:47:07'),
(8, 'Building Sentences in English', 1, 'Learn how to construct sentences correctly and effectively.', '2025-01-01 21:47:07', '2025-01-01 21:47:07'),
(9, 'Common Idioms and Phrases in English', 1, 'Discover the meanings and uses of popular idioms and expressions.', '2025-01-01 21:47:07', '2025-01-01 21:47:07'),
(10, 'Reading Comprehension Skills', 1, 'Improve your ability to read and understand English texts.', '2025-01-01 21:47:07', '2025-01-01 21:47:07'),
(11, 'Writing Simple Paragraphs', 1, 'Learn how to write clear and concise paragraphs in English.', '2025-01-01 21:47:07', '2025-01-01 21:47:07'),
(12, 'Using Articles and Prepositions', 1, 'Understand how to use articles and prepositions correctly.', '2025-01-01 21:47:07', '2025-01-01 21:47:07'),
(13, 'Expanding Your Vocabulary', 1, 'Learn strategies to increase your English vocabulary effectively.', '2025-01-01 21:47:07', '2025-01-01 21:47:07'),
(14, 'Understanding Passive Voice', 1, 'Explore how to use the passive voice in English sentences.', '2025-01-01 21:47:07', '2025-01-01 21:47:07'),
(15, 'Introduction to Punctuation', 1, 'Learn the importance of punctuation and how to use it properly.', '2025-01-01 21:47:07', '2025-01-01 21:47:07'),
(16, 'Writing Formal Emails', 1, 'Discover the structure and tone required for formal email communication.', '2025-01-01 21:47:07', '2025-01-01 21:47:07'),
(17, 'Using Comparatives and Superlatives', 1, 'Understand how to compare things using the correct grammar.', '2025-01-01 21:47:07', '2025-01-01 21:47:07'),
(18, 'Speaking About Daily Activities', 1, 'Practice describing your daily routine in English.', '2025-01-01 21:47:07', '2025-01-01 21:47:07'),
(19, 'Describing People and Places', 1, 'Learn vocabulary and grammar to describe people and locations.', '2025-01-01 21:47:07', '2025-01-01 21:47:07'),
(20, 'English for Travel and Tourism', 1, 'Explore common phrases and vocabulary for traveling abroad.', '2025-01-01 21:47:07', '2025-01-01 21:47:07'),
(21, 'Understanding Conditionals', 1, 'Master the usage of conditional sentences in English.', '2025-01-01 21:47:07', '2025-01-01 21:47:07'),
(22, 'Talking About the Future', 1, 'Learn how to express plans and predictions for the future.', '2025-01-01 21:47:07', '2025-01-01 21:47:07'),
(23, 'Business English Basics', 1, 'Develop skills for professional communication in the workplace.', '2025-01-01 21:47:07', '2025-01-01 21:47:07'),
(24, 'Effective Presentation Skills', 1, 'Learn how to create and deliver engaging presentations in English.', '2025-01-01 21:47:07', '2025-01-01 21:47:07'),
(25, 'Negotiating in English', 1, 'Discover useful phrases and techniques for negotiations.', '2025-01-01 21:47:07', '2025-01-01 21:47:07'),
(26, 'Writing Personal Statements', 1, 'Learn how to write compelling personal statements for applications.', '2025-01-01 21:47:07', '2025-01-01 21:47:07'),
(27, 'Improving Pronunciation of Difficult Sounds', 1, 'Focus on the pronunciation of tricky sounds in English.', '2025-01-01 21:47:08', '2025-01-01 21:47:08'),
(28, 'Understanding Reported Speech', 1, 'Learn how to transform direct speech into reported speech.', '2025-01-01 21:47:08', '2025-01-01 21:47:08'),
(29, 'English for Social Media', 1, 'Explore the informal and creative use of English on social media.', '2025-01-01 21:47:08', '2025-01-01 21:47:08'),
(30, 'Preparing for English Exams', 1, 'Get tips and strategies for excelling in English language exams.', '2025-01-01 21:47:08', '2025-01-01 21:47:08'),
(31, 'Exploring Synonyms and Antonyms', 3, 'Learn how to use synonyms and antonyms to enhance your vocabulary.', '2025-01-02 10:35:54', '2025-01-02 10:35:54'),
(32, 'Using Context Clues for Vocabulary', 3, 'Develop skills to infer word meanings from context.', '2025-01-02 10:35:54', '2025-01-02 10:35:54'),
(33, 'Writing Descriptive Paragraphs', 4, 'Practice writing vivid and detailed descriptive paragraphs.', '2025-01-02 10:35:54', '2025-01-02 10:35:54'),
(34, 'Editing and Proofreading Skills', 4, 'Learn how to revise and edit your writing effectively.', '2025-01-02 10:35:54', '2025-01-02 10:35:54'),
(35, 'Phrasal Verbs in Everyday English', 5, 'Discover the meanings and uses of common phrasal verbs.', '2025-01-02 10:35:54', '2025-01-02 10:35:54'),
(36, 'Using Modal Verbs Correctly', 5, 'Master the usage of modal verbs for expressing ability, possibility, and more.', '2025-01-02 10:35:54', '2025-01-02 10:35:54'),
(37, 'Understanding Sentence Fragments', 6, 'Identify and correct incomplete sentences in English.', '2025-01-02 10:35:54', '2025-01-02 10:35:54'),
(38, 'Combining Sentences with Conjunctions', 6, 'Learn how to use conjunctions to combine ideas effectively.', '2025-01-02 10:35:54', '2025-01-02 10:35:54'),
(39, 'Talking About Your Hometown', 7, 'Practice describing your hometown and its features.', '2025-01-02 10:35:54', '2025-01-02 10:35:54'),
(40, 'Discussing Weather and Seasons', 7, 'Learn vocabulary and phrases to talk about weather and seasons.', '2025-01-02 10:35:54', '2025-01-02 10:35:54'),
(41, 'Understanding Prefixes and Suffixes', 8, 'Explore how prefixes and suffixes change word meanings.', '2025-01-02 10:35:54', '2025-01-02 10:35:54'),
(42, 'Building Academic Vocabulary', 8, 'Develop a strong foundation of vocabulary for academic purposes.', '2025-01-02 10:35:54', '2025-01-02 10:35:54'),
(43, 'Describing Feelings and Emotions', 9, 'Learn how to express your emotions clearly in English.', '2025-01-02 10:35:54', '2025-01-02 10:35:54'),
(44, 'Using Time Expressions', 9, 'Master time expressions to describe schedules and events.', '2025-01-02 10:35:54', '2025-01-02 10:35:54'),
(45, 'Writing Opinion Essays', 10, 'Learn how to structure and present your opinions in essay format.', '2025-01-02 10:35:54', '2025-01-02 10:35:54'),
(46, 'Analyzing Short Stories', 10, 'Enhance your reading comprehension by analyzing short stories.', '2025-01-02 10:35:54', '2025-01-02 10:35:54'),
(47, 'Talking About Your Favorite Activities', 10, 'Practice discussing your favorite activities and hobbies.', '2025-01-02 10:35:54', '2025-01-02 10:35:54'),
(48, 'Role-playing Real-life Situations', 10, 'Improve speaking skills through role-playing common scenarios.', '2025-01-02 10:35:54', '2025-01-02 10:35:54'),
(49, 'Using Visual Aids in Presentations', 10, 'Learn how to enhance your presentations with effective visual aids.', '2025-01-02 10:35:54', '2025-01-02 10:35:54'),
(50, 'Debating and Persuasion Techniques', 10, 'Master techniques for debating and persuading effectively in English.', '2025-01-02 10:35:54', '2025-01-02 10:35:54'),
(51, 'Introduction to Sentence Structure', 2, 'Learn the fundamental rules of building sentences in English.', '2024-12-29 13:30:59', '2024-12-29 13:30:59'),
(52, 'Common Verbs and Their Usage', 2, 'Explore frequently used verbs and how to apply them in sentences.', '2024-12-29 13:30:59', '2024-12-29 13:30:59'),
(53, 'Mastering Adjectives and Adverbs', 2, 'Understand the role of adjectives and adverbs in enhancing descriptions.', '2024-12-29 13:30:59', '2024-12-29 13:30:59'),
(54, 'Question Formation in English', 2, 'Learn the structure and usage of questions in English grammar.', '2024-12-29 13:30:59', '2024-12-29 13:30:59'),
(55, 'Using Conjunctions Effectively', 2, 'Master the use of conjunctions to connect ideas and sentences.', '2024-12-29 13:30:59', '2024-12-29 13:30:59'),
(56, 'Active vs Passive Voice', 2, 'Understand the differences between active and passive voice in English.', '2024-12-29 13:30:59', '2024-12-29 13:30:59'),
(57, 'Improving Listening Skills', 2, 'Develop the ability to comprehend spoken English more effectively.', '2024-12-29 13:30:59', '2024-12-29 13:30:59'),
(58, 'Speaking About Hobbies and Interests', 2, 'Learn how to talk about your hobbies and interests in English.', '2024-12-29 13:30:59', '2024-12-29 13:30:59'),
(59, 'Writing Informal Emails', 2, 'Discover how to write casual and friendly emails in English.', '2024-12-29 13:30:59', '2024-12-29 13:30:59'),
(60, 'Exploring Different Writing Styles', 15, 'Experiment with various writing styles to develop your voice.', '2025-01-02 10:58:54', '2025-01-02 10:58:54'),
(61, 'Talking About Past Experiences', 2, 'Practice sharing your past experiences using correct tenses.', '2024-12-29 13:30:59', '2024-12-29 13:30:59'),
(62, 'Describing Future Plans', 2, 'Learn how to articulate your future intentions and goals.', '2024-12-29 13:30:59', '2024-12-29 13:30:59'),
(63, 'Using Prepositions in Detail', 2, 'Understand the nuanced use of prepositions in various contexts.', '2024-12-29 13:30:59', '2024-12-29 13:30:59'),
(64, 'Discussing Opinions and Ideas', 2, 'Learn how to share and discuss your opinions effectively in English.', '2024-12-29 13:30:59', '2024-12-29 13:30:59'),
(65, 'Idiomatic Expressions in English', 2, 'Explore commonly used idioms and their meanings.', '2024-12-29 13:30:59', '2024-12-29 13:30:59'),
(66, 'Understanding Complex Sentences', 2, 'Learn how to form and interpret complex sentences in English.', '2024-12-29 13:31:00', '2024-12-29 13:31:00'),
(67, 'Effective Note-Taking Skills', 2, 'Develop skills to take clear and concise notes in English.', '2024-12-29 13:31:00', '2024-12-29 13:31:00'),
(68, 'Talking About Current Events', 2, 'Learn how to discuss news and current affairs in English.', '2024-12-29 13:31:00', '2024-12-29 13:31:00'),
(69, 'Understanding Figurative Language', 2, 'Explore metaphors, similes, and other figurative expressions in English.', '2024-12-29 13:31:00', '2024-12-29 13:31:00'),
(70, 'Exploring Different Writing Styles', 15, 'Experiment with various writing styles to develop your voice.', '2025-01-02 10:57:49', '2025-01-02 10:57:49'),
(71, 'Understanding Idioms in Everyday Conversations', 11, 'Learn how to use idioms in common day-to-day conversations.', '2025-01-02 10:57:49', '2025-01-02 10:57:49'),
(72, 'Mastering Figurative Language', 11, 'Understand and use figurative language to enrich your English skills.', '2025-01-02 10:57:49', '2025-01-02 10:57:49'),
(73, 'Business Communication Basics', 12, 'Learn the essentials of communication in professional settings.', '2025-01-02 10:57:49', '2025-01-02 10:57:49'),
(74, 'Writing Business Reports', 12, 'Develop skills for writing clear and concise business reports.', '2025-01-02 10:57:49', '2025-01-02 10:57:49'),
(75, 'Cultural Topics: Exploring History', 13, 'Discover how history shapes cultures and learn related vocabulary.', '2025-01-02 10:57:49', '2025-01-02 10:57:49'),
(76, 'Cultural Topics: Language and Identity', 13, 'Learn about the relationship between language and cultural identity.', '2025-01-02 10:57:49', '2025-01-02 10:57:49'),
(77, 'Academic Writing: Writing Abstracts', 14, 'Master the art of writing concise and clear academic abstracts.', '2025-01-02 10:57:49', '2025-01-02 10:57:49'),
(78, 'Developing Research Questions', 14, 'Learn how to frame effective research questions for academic work.', '2025-01-02 10:57:49', '2025-01-02 10:57:49'),
(79, 'Creative Writing: Descriptive Techniques', 15, 'Enhance your creative writing skills with vivid descriptions.', '2025-01-02 10:57:49', '2025-01-02 10:57:49'),
(80, 'Discussing Current Events', 2, 'Learn vocabulary and phrases for talking about news and current events.', '2024-12-29 13:30:59', '2024-12-29 13:30:59'),
(90, 'Mastering Report Writing', 2, 'Learn how to write structured and informative reports in English.', '2024-12-29 13:31:00', '2024-12-29 13:31:00'),
(91, 'Expressing Opinions Politely', 2, 'Practice sharing your opinions respectfully in discussions.', '2024-12-29 13:31:00', '2024-12-29 13:31:00'),
(92, 'Using Transition Words in Essays', 2, 'Master the use of transition words for smooth flow in essays.', '2024-12-29 13:31:00', '2024-12-29 13:31:00'),
(93, 'Understanding News Articles', 2, 'Learn how to read and analyze English news articles effectively.', '2024-12-29 13:31:00', '2024-12-29 13:31:00'),
(94, 'Exploring Leadership Vocabulary', 2, 'Build your vocabulary for discussing leadership and management topics.', '2024-12-29 13:31:00', '2024-12-29 13:31:00'),
(95, 'Talking About Historical Events', 2, 'Practice discussing important historical events in English.', '2024-12-29 13:31:00', '2024-12-29 13:31:00'),
(96, 'Writing Summaries and Reviews', 2, 'Learn how to summarize and review texts effectively in English.', '2024-12-29 13:31:00', '2024-12-29 13:31:00'),
(97, 'Debating Ethical Issues', 2, 'Develop skills for debating ethical and moral issues in English.', '2024-12-29 13:31:00', '2024-12-29 13:31:00'),
(98, 'Understanding Formal vs Informal English', 2, 'Learn when to use formal and informal language in different contexts.', '2024-12-29 13:31:00', '2024-12-29 13:31:00'),
(99, 'Preparing for Group Discussions', 2, 'Practice participating in and contributing to group discussions in English.', '2024-12-29 13:31:00', '2024-12-29 13:31:00'),
(100, 'Exploring Creative Writing', 2, 'Develop your creative writing skills through various exercises and prompts.', '2024-12-29 13:31:00', '2024-12-29 13:31:00');

-- --------------------------------------------------------

--
-- Table structure for table `lesson_progress`
--

CREATE TABLE `lesson_progress` (
  `id` int(11) NOT NULL,
  `user_id` int(11) DEFAULT NULL,
  `lesson_id` int(11) DEFAULT NULL,
  `correct_count` int(11) DEFAULT NULL,
  `incorrect_count` int(11) DEFAULT NULL,
  `time_spent` int(11) DEFAULT NULL,
  `created_at` datetime DEFAULT NULL,
  `updated_at` datetime DEFAULT NULL
) ENGINE=InnoDB DEFAULT CHARSET=utf8mb4 COLLATE=utf8mb4_general_ci;

--
-- Dumping data for table `lesson_progress`
--

INSERT INTO `lesson_progress` (`id`, `user_id`, `lesson_id`, `correct_count`, `incorrect_count`, `time_spent`, `created_at`, `updated_at`) VALUES
(1, 20, 1, 1, 9, 0, '2024-12-29 21:22:09', '2024-12-29 21:22:09'),
(2, 1, 1, 1, 9, 0, '2025-01-01 22:49:28', '2025-01-02 09:50:43'),
(3, 1, 2, 5, 0, 0, '2025-01-02 10:13:34', '2025-01-02 10:13:34'),
(4, 1, 72, 0, 4, 0, '2025-01-02 10:59:15', '2025-01-02 10:59:15');

-- --------------------------------------------------------

--
-- Table structure for table `lesson_questions`
--

CREATE TABLE `lesson_questions` (
  `id` int(11) NOT NULL,
  `lesson_id` int(11) DEFAULT NULL,
  `question_id` int(11) DEFAULT NULL,
  `created_at` datetime DEFAULT NULL,
  `updated_at` datetime DEFAULT NULL
) ENGINE=InnoDB DEFAULT CHARSET=utf8mb4 COLLATE=utf8mb4_general_ci;

--
-- Dumping data for table `lesson_questions`
--

INSERT INTO `lesson_questions` (`id`, `lesson_id`, `question_id`, `created_at`, `updated_at`) VALUES
(1, 1, 1, '2024-12-29 13:31:16', '2024-12-29 13:31:16'),
(2, 1, 2, '2024-12-29 13:31:18', '2024-12-29 13:31:18'),
(3, 1, 3, '2024-12-29 13:31:19', '2024-12-29 13:31:19'),
(4, 1, 4, '2024-12-29 13:31:21', '2024-12-29 13:31:21'),
(5, 1, 5, '2024-12-29 13:31:22', '2024-12-29 13:31:22'),
(6, 1, 6, '2024-12-29 13:31:25', '2024-12-29 13:31:25'),
(7, 1, 7, '2024-12-29 13:31:26', '2024-12-29 13:31:26'),
(8, 1, 8, '2024-12-29 13:31:27', '2024-12-29 13:31:27'),
(9, 1, 9, '2024-12-29 13:31:30', '2024-12-29 13:31:30'),
(10, 1, 10, '2024-12-29 13:31:32', '2024-12-29 13:31:32'),
(11, 2, 11, '2025-01-02 10:10:39', '2025-01-02 10:10:39'),
(12, 2, 12, '2025-01-02 10:10:39', '2025-01-02 10:10:39'),
(13, 2, 13, '2025-01-02 10:10:39', '2025-01-02 10:10:39'),
(14, 2, 14, '2025-01-02 10:10:39', '2025-01-02 10:10:39'),
(15, 2, 15, '2025-01-02 10:10:39', '2025-01-02 10:10:39'),
(16, 3, 16, '2025-01-02 10:10:39', '2025-01-02 10:10:39'),
(17, 3, 17, '2025-01-02 10:10:39', '2025-01-02 10:10:39'),
(18, 3, 18, '2025-01-02 10:10:39', '2025-01-02 10:10:39'),
(19, 3, 19, '2025-01-02 10:10:39', '2025-01-02 10:10:39'),
(20, 3, 20, '2025-01-02 10:10:39', '2025-01-02 10:10:39'),
(21, 4, 21, '2025-01-02 10:10:39', '2025-01-02 10:10:39'),
(22, 4, 22, '2025-01-02 10:10:39', '2025-01-02 10:10:39'),
(23, 4, 23, '2025-01-02 10:10:39', '2025-01-02 10:10:39'),
(24, 4, 24, '2025-01-02 10:10:39', '2025-01-02 10:10:39'),
(25, 4, 25, '2025-01-02 10:10:39', '2025-01-02 10:10:39'),
(26, 5, 26, '2025-01-02 10:10:39', '2025-01-02 10:10:39'),
(27, 5, 27, '2025-01-02 10:10:39', '2025-01-02 10:10:39'),
(28, 5, 28, '2025-01-02 10:10:39', '2025-01-02 10:10:39'),
(29, 5, 29, '2025-01-02 10:10:39', '2025-01-02 10:10:39'),
(30, 5, 30, '2025-01-02 10:10:39', '2025-01-02 10:10:39'),
(31, 6, 31, '2025-01-02 10:10:39', '2025-01-02 10:10:39'),
(32, 6, 32, '2025-01-02 10:10:39', '2025-01-02 10:10:39'),
(33, 6, 33, '2025-01-02 10:10:39', '2025-01-02 10:10:39'),
(34, 6, 34, '2025-01-02 10:10:39', '2025-01-02 10:10:39'),
(35, 6, 35, '2025-01-02 10:10:39', '2025-01-02 10:10:39'),
(36, 7, 36, '2025-01-02 10:10:39', '2025-01-02 10:10:39'),
(37, 7, 37, '2025-01-02 10:10:39', '2025-01-02 10:10:39'),
(38, 7, 38, '2025-01-02 10:10:39', '2025-01-02 10:10:39'),
(39, 7, 39, '2025-01-02 10:10:39', '2025-01-02 10:10:39'),
(40, 7, 40, '2025-01-02 10:10:39', '2025-01-02 10:10:39'),
(41, 8, 41, '2025-01-02 10:10:39', '2025-01-02 10:10:39'),
(42, 8, 42, '2025-01-02 10:10:39', '2025-01-02 10:10:39'),
(43, 8, 43, '2025-01-02 10:10:39', '2025-01-02 10:10:39'),
(44, 8, 44, '2025-01-02 10:10:39', '2025-01-02 10:10:39'),
(45, 8, 45, '2025-01-02 10:10:39', '2025-01-02 10:10:39'),
(46, 9, 46, '2025-01-02 10:10:39', '2025-01-02 10:10:39'),
(47, 9, 47, '2025-01-02 10:10:39', '2025-01-02 10:10:39'),
(48, 9, 48, '2025-01-02 10:10:39', '2025-01-02 10:10:39'),
(49, 9, 49, '2025-01-02 10:10:39', '2025-01-02 10:10:39'),
(50, 9, 50, '2025-01-02 10:10:39', '2025-01-02 10:10:39'),
(51, 10, 51, '2025-01-02 10:10:39', '2025-01-02 10:10:39'),
(52, 10, 52, '2025-01-02 10:10:39', '2025-01-02 10:10:39'),
(53, 10, 53, '2025-01-02 10:10:39', '2025-01-02 10:10:39'),
(54, 10, 54, '2025-01-02 10:10:39', '2025-01-02 10:10:39'),
(55, 10, 55, '2025-01-02 10:10:39', '2025-01-02 10:10:39'),
(56, 11, 56, '2025-01-02 10:10:39', '2025-01-02 10:10:39'),
(57, 11, 57, '2025-01-02 10:10:39', '2025-01-02 10:10:39'),
(58, 11, 58, '2025-01-02 10:10:39', '2025-01-02 10:10:39'),
(59, 11, 59, '2025-01-02 10:10:39', '2025-01-02 10:10:39'),
(60, 11, 60, '2025-01-02 10:10:39', '2025-01-02 10:10:39'),
(61, 3, 1, '2025-01-02 10:49:15', '2025-01-02 10:49:15'),
(62, 3, 2, '2025-01-02 10:49:15', '2025-01-02 10:49:15'),
(63, 3, 3, '2025-01-02 10:49:15', '2025-01-02 10:49:15'),
(64, 3, 4, '2025-01-02 10:49:15', '2025-01-02 10:49:15'),
(65, 4, 5, '2025-01-02 10:49:15', '2025-01-02 10:49:15'),
(66, 4, 6, '2025-01-02 10:49:15', '2025-01-02 10:49:15'),
(67, 4, 7, '2025-01-02 10:49:15', '2025-01-02 10:49:15'),
(68, 4, 8, '2025-01-02 10:49:15', '2025-01-02 10:49:15'),
(69, 5, 9, '2025-01-02 10:49:15', '2025-01-02 10:49:15'),
(70, 5, 10, '2025-01-02 10:49:15', '2025-01-02 10:49:15'),
(71, 5, 11, '2025-01-02 10:49:15', '2025-01-02 10:49:15'),
(72, 5, 12, '2025-01-02 10:49:15', '2025-01-02 10:49:15'),
(73, 6, 13, '2025-01-02 10:49:15', '2025-01-02 10:49:15'),
(74, 6, 14, '2025-01-02 10:49:15', '2025-01-02 10:49:15'),
(75, 6, 15, '2025-01-02 10:49:15', '2025-01-02 10:49:15'),
(76, 6, 16, '2025-01-02 10:49:15', '2025-01-02 10:49:15'),
(77, 7, 17, '2025-01-02 10:49:15', '2025-01-02 10:49:15'),
(78, 7, 18, '2025-01-02 10:49:15', '2025-01-02 10:49:15'),
(79, 7, 19, '2025-01-02 10:49:15', '2025-01-02 10:49:15'),
(80, 7, 20, '2025-01-02 10:49:15', '2025-01-02 10:49:15'),
(81, 8, 21, '2025-01-02 10:49:15', '2025-01-02 10:49:15'),
(82, 8, 22, '2025-01-02 10:49:15', '2025-01-02 10:49:15'),
(83, 8, 23, '2025-01-02 10:49:15', '2025-01-02 10:49:15'),
(84, 8, 24, '2025-01-02 10:49:15', '2025-01-02 10:49:15'),
(85, 9, 25, '2025-01-02 10:49:15', '2025-01-02 10:49:15'),
(86, 9, 26, '2025-01-02 10:49:15', '2025-01-02 10:49:15'),
(87, 9, 27, '2025-01-02 10:49:15', '2025-01-02 10:49:15'),
(88, 9, 28, '2025-01-02 10:49:15', '2025-01-02 10:49:15'),
(89, 10, 29, '2025-01-02 10:49:15', '2025-01-02 10:49:15'),
(90, 10, 30, '2025-01-02 10:49:15', '2025-01-02 10:49:15'),
(91, 10, 31, '2025-01-02 10:49:15', '2025-01-02 10:49:15'),
(92, 10, 32, '2025-01-02 10:49:15', '2025-01-02 10:49:15'),
(93, 11, 33, '2025-01-02 10:49:15', '2025-01-02 10:49:15'),
(94, 11, 34, '2025-01-02 10:49:15', '2025-01-02 10:49:15'),
(95, 11, 35, '2025-01-02 10:49:15', '2025-01-02 10:49:15'),
(96, 11, 36, '2025-01-02 10:49:15', '2025-01-02 10:49:15'),
(97, 12, 37, '2025-01-02 10:49:15', '2025-01-02 10:49:15'),
(98, 12, 38, '2025-01-02 10:49:15', '2025-01-02 10:49:15'),
(99, 12, 39, '2025-01-02 10:49:15', '2025-01-02 10:49:15'),
(100, 12, 40, '2025-01-02 10:49:15', '2025-01-02 10:49:15'),
(101, 13, 41, '2025-01-02 10:49:15', '2025-01-02 10:49:15'),
(102, 13, 42, '2025-01-02 10:49:15', '2025-01-02 10:49:15'),
(103, 13, 43, '2025-01-02 10:49:15', '2025-01-02 10:49:15'),
(104, 13, 44, '2025-01-02 10:49:15', '2025-01-02 10:49:15'),
(105, 14, 45, '2025-01-02 10:49:15', '2025-01-02 10:49:15'),
(106, 14, 46, '2025-01-02 10:49:15', '2025-01-02 10:49:15'),
(107, 14, 47, '2025-01-02 10:49:15', '2025-01-02 10:49:15'),
(108, 14, 48, '2025-01-02 10:49:15', '2025-01-02 10:49:15'),
(109, 15, 49, '2025-01-02 10:49:15', '2025-01-02 10:49:15'),
(110, 15, 50, '2025-01-02 10:49:15', '2025-01-02 10:49:15'),
(111, 15, 51, '2025-01-02 10:49:15', '2025-01-02 10:49:15'),
(112, 15, 52, '2025-01-02 10:49:15', '2025-01-02 10:49:15'),
(113, 16, 53, '2025-01-02 10:49:15', '2025-01-02 10:49:15'),
(114, 16, 54, '2025-01-02 10:49:15', '2025-01-02 10:49:15'),
(115, 16, 55, '2025-01-02 10:49:15', '2025-01-02 10:49:15'),
(116, 16, 56, '2025-01-02 10:49:15', '2025-01-02 10:49:15'),
(117, 17, 57, '2025-01-02 10:49:15', '2025-01-02 10:49:15'),
(118, 17, 58, '2025-01-02 10:49:15', '2025-01-02 10:49:15'),
(119, 17, 59, '2025-01-02 10:49:15', '2025-01-02 10:49:15'),
(120, 17, 60, '2025-01-02 10:49:15', '2025-01-02 10:49:15'),
(121, 18, 61, '2025-01-02 10:49:15', '2025-01-02 10:49:15'),
(122, 18, 62, '2025-01-02 10:49:15', '2025-01-02 10:49:15'),
(123, 18, 63, '2025-01-02 10:49:15', '2025-01-02 10:49:15'),
(124, 18, 64, '2025-01-02 10:49:15', '2025-01-02 10:49:15'),
(125, 19, 65, '2025-01-02 10:49:15', '2025-01-02 10:49:15'),
(126, 19, 66, '2025-01-02 10:49:15', '2025-01-02 10:49:15'),
(127, 19, 67, '2025-01-02 10:49:15', '2025-01-02 10:49:15'),
(128, 19, 68, '2025-01-02 10:49:15', '2025-01-02 10:49:15'),
(129, 20, 69, '2025-01-02 10:49:15', '2025-01-02 10:49:15'),
(130, 20, 70, '2025-01-02 10:49:15', '2025-01-02 10:49:15'),
(131, 20, 71, '2025-01-02 10:49:15', '2025-01-02 10:49:15'),
(132, 20, 72, '2025-01-02 10:49:15', '2025-01-02 10:49:15'),
(133, 21, 73, '2025-01-02 10:49:15', '2025-01-02 10:49:15'),
(134, 21, 74, '2025-01-02 10:49:15', '2025-01-02 10:49:15'),
(135, 21, 75, '2025-01-02 10:49:15', '2025-01-02 10:49:15'),
(136, 21, 76, '2025-01-02 10:49:15', '2025-01-02 10:49:15'),
(137, 22, 77, '2025-01-02 10:49:15', '2025-01-02 10:49:15'),
(138, 22, 78, '2025-01-02 10:49:15', '2025-01-02 10:49:15'),
(139, 22, 79, '2025-01-02 10:49:15', '2025-01-02 10:49:15'),
(140, 22, 80, '2025-01-02 10:49:15', '2025-01-02 10:49:15'),
(141, 23, 81, '2025-01-02 10:49:15', '2025-01-02 10:49:15'),
(142, 23, 82, '2025-01-02 10:49:15', '2025-01-02 10:49:15'),
(143, 23, 83, '2025-01-02 10:49:15', '2025-01-02 10:49:15'),
(144, 23, 84, '2025-01-02 10:49:15', '2025-01-02 10:49:15'),
(145, 24, 85, '2025-01-02 10:49:15', '2025-01-02 10:49:15'),
(146, 24, 86, '2025-01-02 10:49:15', '2025-01-02 10:49:15'),
(147, 24, 87, '2025-01-02 10:49:15', '2025-01-02 10:49:15'),
(148, 24, 88, '2025-01-02 10:49:15', '2025-01-02 10:49:15'),
(149, 25, 89, '2025-01-02 10:49:15', '2025-01-02 10:49:15'),
(150, 25, 90, '2025-01-02 10:49:15', '2025-01-02 10:49:15'),
(151, 25, 91, '2025-01-02 10:49:15', '2025-01-02 10:49:15'),
(152, 25, 92, '2025-01-02 10:49:15', '2025-01-02 10:49:15'),
(153, 26, 93, '2025-01-02 10:49:15', '2025-01-02 10:49:15'),
(154, 26, 94, '2025-01-02 10:49:15', '2025-01-02 10:49:15'),
(155, 26, 95, '2025-01-02 10:49:15', '2025-01-02 10:49:15'),
(156, 26, 96, '2025-01-02 10:49:15', '2025-01-02 10:49:15'),
(157, 27, 97, '2025-01-02 10:49:15', '2025-01-02 10:49:15'),
(158, 27, 98, '2025-01-02 10:49:15', '2025-01-02 10:49:15'),
(159, 27, 99, '2025-01-02 10:49:15', '2025-01-02 10:49:15'),
(160, 27, 100, '2025-01-02 10:49:15', '2025-01-02 10:49:15'),
(161, 28, 1, '2025-01-02 10:50:10', '2025-01-02 10:50:10'),
(162, 28, 2, '2025-01-02 10:50:10', '2025-01-02 10:50:10'),
(163, 28, 3, '2025-01-02 10:50:10', '2025-01-02 10:50:10'),
(164, 28, 4, '2025-01-02 10:50:10', '2025-01-02 10:50:10'),
(165, 29, 5, '2025-01-02 10:50:10', '2025-01-02 10:50:10'),
(166, 29, 6, '2025-01-02 10:50:10', '2025-01-02 10:50:10'),
(167, 29, 7, '2025-01-02 10:50:10', '2025-01-02 10:50:10'),
(168, 29, 8, '2025-01-02 10:50:10', '2025-01-02 10:50:10'),
(169, 30, 9, '2025-01-02 10:50:10', '2025-01-02 10:50:10'),
(170, 30, 10, '2025-01-02 10:50:10', '2025-01-02 10:50:10'),
(171, 30, 11, '2025-01-02 10:50:10', '2025-01-02 10:50:10'),
(172, 30, 12, '2025-01-02 10:50:10', '2025-01-02 10:50:10'),
(173, 31, 13, '2025-01-02 10:50:10', '2025-01-02 10:50:10'),
(174, 31, 14, '2025-01-02 10:50:10', '2025-01-02 10:50:10'),
(175, 31, 15, '2025-01-02 10:50:10', '2025-01-02 10:50:10'),
(176, 31, 16, '2025-01-02 10:50:10', '2025-01-02 10:50:10'),
(177, 32, 17, '2025-01-02 10:50:10', '2025-01-02 10:50:10'),
(178, 32, 18, '2025-01-02 10:50:10', '2025-01-02 10:50:10'),
(179, 32, 19, '2025-01-02 10:50:10', '2025-01-02 10:50:10'),
(180, 32, 20, '2025-01-02 10:50:10', '2025-01-02 10:50:10'),
(181, 33, 21, '2025-01-02 10:50:10', '2025-01-02 10:50:10'),
(182, 33, 22, '2025-01-02 10:50:10', '2025-01-02 10:50:10'),
(183, 33, 23, '2025-01-02 10:50:10', '2025-01-02 10:50:10'),
(184, 33, 24, '2025-01-02 10:50:10', '2025-01-02 10:50:10'),
(185, 34, 25, '2025-01-02 10:50:10', '2025-01-02 10:50:10'),
(186, 34, 26, '2025-01-02 10:50:10', '2025-01-02 10:50:10'),
(187, 34, 27, '2025-01-02 10:50:10', '2025-01-02 10:50:10'),
(188, 34, 28, '2025-01-02 10:50:10', '2025-01-02 10:50:10'),
(189, 35, 29, '2025-01-02 10:50:10', '2025-01-02 10:50:10'),
(190, 35, 30, '2025-01-02 10:50:10', '2025-01-02 10:50:10'),
(191, 35, 31, '2025-01-02 10:50:10', '2025-01-02 10:50:10'),
(192, 35, 32, '2025-01-02 10:50:10', '2025-01-02 10:50:10'),
(193, 36, 33, '2025-01-02 10:50:10', '2025-01-02 10:50:10'),
(194, 36, 34, '2025-01-02 10:50:10', '2025-01-02 10:50:10'),
(195, 36, 35, '2025-01-02 10:50:10', '2025-01-02 10:50:10'),
(196, 36, 36, '2025-01-02 10:50:10', '2025-01-02 10:50:10'),
(197, 37, 37, '2025-01-02 10:50:10', '2025-01-02 10:50:10'),
(198, 37, 38, '2025-01-02 10:50:10', '2025-01-02 10:50:10'),
(199, 37, 39, '2025-01-02 10:50:10', '2025-01-02 10:50:10'),
(200, 37, 40, '2025-01-02 10:50:10', '2025-01-02 10:50:10'),
(201, 38, 41, '2025-01-02 10:50:10', '2025-01-02 10:50:10'),
(202, 38, 42, '2025-01-02 10:50:10', '2025-01-02 10:50:10'),
(203, 38, 43, '2025-01-02 10:50:10', '2025-01-02 10:50:10'),
(204, 38, 44, '2025-01-02 10:50:10', '2025-01-02 10:50:10'),
(205, 39, 45, '2025-01-02 10:50:10', '2025-01-02 10:50:10'),
(206, 39, 46, '2025-01-02 10:50:10', '2025-01-02 10:50:10'),
(207, 39, 47, '2025-01-02 10:50:10', '2025-01-02 10:50:10'),
(208, 39, 48, '2025-01-02 10:50:10', '2025-01-02 10:50:10'),
(209, 40, 49, '2025-01-02 10:50:10', '2025-01-02 10:50:10'),
(210, 40, 50, '2025-01-02 10:50:10', '2025-01-02 10:50:10'),
(211, 40, 51, '2025-01-02 10:50:10', '2025-01-02 10:50:10'),
(212, 40, 52, '2025-01-02 10:50:10', '2025-01-02 10:50:10'),
(213, 41, 53, '2025-01-02 10:50:10', '2025-01-02 10:50:10'),
(214, 41, 54, '2025-01-02 10:50:10', '2025-01-02 10:50:10'),
(215, 41, 55, '2025-01-02 10:50:10', '2025-01-02 10:50:10'),
(216, 41, 56, '2025-01-02 10:50:10', '2025-01-02 10:50:10'),
(217, 42, 57, '2025-01-02 10:50:10', '2025-01-02 10:50:10'),
(218, 42, 58, '2025-01-02 10:50:10', '2025-01-02 10:50:10'),
(219, 42, 59, '2025-01-02 10:50:10', '2025-01-02 10:50:10'),
(220, 42, 60, '2025-01-02 10:50:10', '2025-01-02 10:50:10'),
(221, 43, 61, '2025-01-02 10:50:10', '2025-01-02 10:50:10'),
(222, 43, 62, '2025-01-02 10:50:10', '2025-01-02 10:50:10'),
(223, 43, 63, '2025-01-02 10:50:10', '2025-01-02 10:50:10'),
(224, 43, 64, '2025-01-02 10:50:10', '2025-01-02 10:50:10'),
(225, 44, 65, '2025-01-02 10:50:10', '2025-01-02 10:50:10'),
(226, 44, 66, '2025-01-02 10:50:10', '2025-01-02 10:50:10'),
(227, 44, 67, '2025-01-02 10:50:10', '2025-01-02 10:50:10'),
(228, 44, 68, '2025-01-02 10:50:10', '2025-01-02 10:50:10'),
(229, 45, 69, '2025-01-02 10:50:10', '2025-01-02 10:50:10'),
(230, 45, 70, '2025-01-02 10:50:10', '2025-01-02 10:50:10'),
(231, 45, 71, '2025-01-02 10:50:10', '2025-01-02 10:50:10'),
(232, 45, 72, '2025-01-02 10:50:10', '2025-01-02 10:50:10'),
(233, 46, 73, '2025-01-02 10:50:10', '2025-01-02 10:50:10'),
(234, 46, 74, '2025-01-02 10:50:10', '2025-01-02 10:50:10'),
(235, 46, 75, '2025-01-02 10:50:10', '2025-01-02 10:50:10'),
(236, 46, 76, '2025-01-02 10:50:10', '2025-01-02 10:50:10'),
(237, 47, 77, '2025-01-02 10:50:10', '2025-01-02 10:50:10'),
(238, 47, 78, '2025-01-02 10:50:10', '2025-01-02 10:50:10'),
(239, 47, 79, '2025-01-02 10:50:10', '2025-01-02 10:50:10'),
(240, 47, 80, '2025-01-02 10:50:10', '2025-01-02 10:50:10'),
(241, 48, 81, '2025-01-02 10:50:10', '2025-01-02 10:50:10'),
(242, 48, 82, '2025-01-02 10:50:10', '2025-01-02 10:50:10'),
(243, 48, 83, '2025-01-02 10:50:10', '2025-01-02 10:50:10'),
(244, 48, 84, '2025-01-02 10:50:10', '2025-01-02 10:50:10'),
(245, 49, 85, '2025-01-02 10:50:10', '2025-01-02 10:50:10'),
(246, 49, 86, '2025-01-02 10:50:10', '2025-01-02 10:50:10'),
(247, 49, 87, '2025-01-02 10:50:10', '2025-01-02 10:50:10'),
(248, 49, 88, '2025-01-02 10:50:10', '2025-01-02 10:50:10'),
(249, 50, 89, '2025-01-02 10:50:10', '2025-01-02 10:50:10'),
(250, 50, 90, '2025-01-02 10:50:10', '2025-01-02 10:50:10'),
(251, 50, 91, '2025-01-02 10:50:10', '2025-01-02 10:50:10'),
(252, 50, 92, '2025-01-02 10:50:10', '2025-01-02 10:50:10'),
(453, 51, 1, '2025-01-02 10:59:03', '2025-01-02 10:59:03'),
(454, 51, 2, '2025-01-02 10:59:03', '2025-01-02 10:59:03'),
(455, 51, 3, '2025-01-02 10:59:03', '2025-01-02 10:59:03'),
(456, 51, 4, '2025-01-02 10:59:03', '2025-01-02 10:59:03'),
(457, 52, 5, '2025-01-02 10:59:03', '2025-01-02 10:59:03'),
(458, 52, 6, '2025-01-02 10:59:03', '2025-01-02 10:59:03'),
(459, 52, 7, '2025-01-02 10:59:03', '2025-01-02 10:59:03'),
(460, 52, 8, '2025-01-02 10:59:03', '2025-01-02 10:59:03'),
(461, 53, 9, '2025-01-02 10:59:03', '2025-01-02 10:59:03'),
(462, 53, 10, '2025-01-02 10:59:03', '2025-01-02 10:59:03'),
(463, 53, 11, '2025-01-02 10:59:03', '2025-01-02 10:59:03'),
(464, 53, 12, '2025-01-02 10:59:03', '2025-01-02 10:59:03'),
(465, 54, 13, '2025-01-02 10:59:03', '2025-01-02 10:59:03'),
(466, 54, 14, '2025-01-02 10:59:03', '2025-01-02 10:59:03'),
(467, 54, 15, '2025-01-02 10:59:03', '2025-01-02 10:59:03'),
(468, 54, 16, '2025-01-02 10:59:03', '2025-01-02 10:59:03'),
(469, 55, 17, '2025-01-02 10:59:03', '2025-01-02 10:59:03'),
(470, 55, 18, '2025-01-02 10:59:03', '2025-01-02 10:59:03'),
(471, 55, 19, '2025-01-02 10:59:03', '2025-01-02 10:59:03'),
(472, 55, 20, '2025-01-02 10:59:03', '2025-01-02 10:59:03'),
(473, 56, 21, '2025-01-02 10:59:03', '2025-01-02 10:59:03'),
(474, 56, 22, '2025-01-02 10:59:03', '2025-01-02 10:59:03'),
(475, 56, 23, '2025-01-02 10:59:03', '2025-01-02 10:59:03'),
(476, 56, 24, '2025-01-02 10:59:03', '2025-01-02 10:59:03'),
(477, 57, 25, '2025-01-02 10:59:03', '2025-01-02 10:59:03'),
(478, 57, 26, '2025-01-02 10:59:03', '2025-01-02 10:59:03'),
(479, 57, 27, '2025-01-02 10:59:03', '2025-01-02 10:59:03'),
(480, 57, 28, '2025-01-02 10:59:03', '2025-01-02 10:59:03'),
(481, 58, 29, '2025-01-02 10:59:03', '2025-01-02 10:59:03'),
(482, 58, 30, '2025-01-02 10:59:03', '2025-01-02 10:59:03'),
(483, 58, 31, '2025-01-02 10:59:03', '2025-01-02 10:59:03'),
(484, 58, 32, '2025-01-02 10:59:03', '2025-01-02 10:59:03'),
(485, 59, 33, '2025-01-02 10:59:03', '2025-01-02 10:59:03'),
(486, 59, 34, '2025-01-02 10:59:03', '2025-01-02 10:59:03'),
(487, 59, 35, '2025-01-02 10:59:03', '2025-01-02 10:59:03'),
(488, 59, 36, '2025-01-02 10:59:03', '2025-01-02 10:59:03'),
(489, 60, 37, '2025-01-02 10:59:03', '2025-01-02 10:59:03'),
(490, 60, 38, '2025-01-02 10:59:03', '2025-01-02 10:59:03'),
(491, 60, 39, '2025-01-02 10:59:03', '2025-01-02 10:59:03'),
(492, 60, 40, '2025-01-02 10:59:03', '2025-01-02 10:59:03'),
(493, 61, 41, '2025-01-02 10:59:03', '2025-01-02 10:59:03'),
(494, 61, 42, '2025-01-02 10:59:03', '2025-01-02 10:59:03'),
(495, 61, 43, '2025-01-02 10:59:03', '2025-01-02 10:59:03'),
(496, 61, 44, '2025-01-02 10:59:03', '2025-01-02 10:59:03'),
(497, 62, 45, '2025-01-02 10:59:03', '2025-01-02 10:59:03'),
(498, 62, 46, '2025-01-02 10:59:03', '2025-01-02 10:59:03'),
(499, 62, 47, '2025-01-02 10:59:03', '2025-01-02 10:59:03'),
(500, 62, 48, '2025-01-02 10:59:03', '2025-01-02 10:59:03'),
(501, 63, 49, '2025-01-02 10:59:03', '2025-01-02 10:59:03'),
(502, 63, 50, '2025-01-02 10:59:03', '2025-01-02 10:59:03'),
(503, 63, 51, '2025-01-02 10:59:03', '2025-01-02 10:59:03'),
(504, 63, 52, '2025-01-02 10:59:03', '2025-01-02 10:59:03'),
(505, 64, 53, '2025-01-02 10:59:03', '2025-01-02 10:59:03'),
(506, 64, 54, '2025-01-02 10:59:03', '2025-01-02 10:59:03'),
(507, 64, 55, '2025-01-02 10:59:03', '2025-01-02 10:59:03'),
(508, 64, 56, '2025-01-02 10:59:03', '2025-01-02 10:59:03'),
(509, 65, 57, '2025-01-02 10:59:03', '2025-01-02 10:59:03'),
(510, 65, 58, '2025-01-02 10:59:03', '2025-01-02 10:59:03'),
(511, 65, 59, '2025-01-02 10:59:03', '2025-01-02 10:59:03'),
(512, 65, 60, '2025-01-02 10:59:03', '2025-01-02 10:59:03'),
(513, 66, 61, '2025-01-02 10:59:03', '2025-01-02 10:59:03'),
(514, 66, 62, '2025-01-02 10:59:03', '2025-01-02 10:59:03'),
(515, 66, 63, '2025-01-02 10:59:03', '2025-01-02 10:59:03'),
(516, 66, 64, '2025-01-02 10:59:03', '2025-01-02 10:59:03'),
(517, 67, 65, '2025-01-02 10:59:03', '2025-01-02 10:59:03'),
(518, 67, 66, '2025-01-02 10:59:03', '2025-01-02 10:59:03'),
(519, 67, 67, '2025-01-02 10:59:03', '2025-01-02 10:59:03'),
(520, 67, 68, '2025-01-02 10:59:03', '2025-01-02 10:59:03'),
(521, 68, 69, '2025-01-02 10:59:03', '2025-01-02 10:59:03'),
(522, 68, 70, '2025-01-02 10:59:03', '2025-01-02 10:59:03'),
(523, 68, 71, '2025-01-02 10:59:03', '2025-01-02 10:59:03'),
(524, 68, 72, '2025-01-02 10:59:03', '2025-01-02 10:59:03'),
(525, 69, 73, '2025-01-02 10:59:03', '2025-01-02 10:59:03'),
(526, 69, 74, '2025-01-02 10:59:03', '2025-01-02 10:59:03'),
(527, 69, 75, '2025-01-02 10:59:03', '2025-01-02 10:59:03'),
(528, 69, 76, '2025-01-02 10:59:03', '2025-01-02 10:59:03'),
(529, 70, 77, '2025-01-02 10:59:03', '2025-01-02 10:59:03'),
(530, 70, 78, '2025-01-02 10:59:03', '2025-01-02 10:59:03'),
(531, 70, 79, '2025-01-02 10:59:03', '2025-01-02 10:59:03'),
(532, 70, 80, '2025-01-02 10:59:03', '2025-01-02 10:59:03'),
(533, 71, 81, '2025-01-02 10:59:03', '2025-01-02 10:59:03'),
(534, 71, 82, '2025-01-02 10:59:03', '2025-01-02 10:59:03'),
(535, 71, 83, '2025-01-02 10:59:03', '2025-01-02 10:59:03'),
(536, 71, 84, '2025-01-02 10:59:03', '2025-01-02 10:59:03'),
(537, 72, 85, '2025-01-02 10:59:03', '2025-01-02 10:59:03'),
(538, 72, 86, '2025-01-02 10:59:03', '2025-01-02 10:59:03'),
(539, 72, 87, '2025-01-02 10:59:03', '2025-01-02 10:59:03'),
(540, 72, 88, '2025-01-02 10:59:03', '2025-01-02 10:59:03'),
(541, 73, 89, '2025-01-02 10:59:03', '2025-01-02 10:59:03'),
(542, 73, 90, '2025-01-02 10:59:03', '2025-01-02 10:59:03'),
(543, 73, 91, '2025-01-02 10:59:03', '2025-01-02 10:59:03'),
(544, 73, 92, '2025-01-02 10:59:03', '2025-01-02 10:59:03'),
(545, 74, 93, '2025-01-02 10:59:03', '2025-01-02 10:59:03'),
(546, 74, 94, '2025-01-02 10:59:03', '2025-01-02 10:59:03'),
(547, 74, 95, '2025-01-02 10:59:03', '2025-01-02 10:59:03'),
(548, 74, 96, '2025-01-02 10:59:03', '2025-01-02 10:59:03'),
(549, 75, 97, '2025-01-02 10:59:03', '2025-01-02 10:59:03'),
(550, 75, 98, '2025-01-02 10:59:03', '2025-01-02 10:59:03'),
(551, 75, 99, '2025-01-02 10:59:03', '2025-01-02 10:59:03'),
(552, 75, 100, '2025-01-02 10:59:03', '2025-01-02 10:59:03');

-- --------------------------------------------------------

--
-- Table structure for table `messages`
--

CREATE TABLE `messages` (
  `id` int(11) NOT NULL,
  `sender_id` int(11) DEFAULT NULL,
  `receiver_id` int(11) DEFAULT NULL,
  `message_text` text DEFAULT NULL,
  `is_read` tinyint(1) DEFAULT NULL,
  `created_at` datetime DEFAULT NULL,
  `updated_at` datetime DEFAULT NULL
) ENGINE=InnoDB DEFAULT CHARSET=utf8mb4 COLLATE=utf8mb4_general_ci;

-- --------------------------------------------------------

--
-- Table structure for table `mistakes`
--

CREATE TABLE `mistakes` (
  `id` int(11) NOT NULL,
  `user_id` int(11) DEFAULT NULL,
  `lesson_id` int(11) DEFAULT NULL,
  `question_id` int(11) DEFAULT NULL,
  `your_answer` text DEFAULT NULL,
  `active` tinyint(1) DEFAULT NULL,
  `created_at` datetime DEFAULT NULL,
  `updated_at` datetime DEFAULT NULL
) ENGINE=InnoDB DEFAULT CHARSET=utf8mb4 COLLATE=utf8mb4_general_ci;

--
-- Dumping data for table `mistakes`
--

INSERT INTO `mistakes` (`id`, `user_id`, `lesson_id`, `question_id`, `your_answer`, `active`, `created_at`, `updated_at`) VALUES
(1, 20, 1, 1, 'Con me may', 1, '2024-12-12 00:00:00', '2024-12-29 20:13:21'),
(11, 20, 1, 2, 'parrot', 1, '2024-12-29 20:45:57', '2024-12-29 20:46:02'),
(12, 20, 1, 7, 'Khng chn', 1, '2024-12-29 20:45:57', '2024-12-29 20:46:10'),
(13, 20, 1, 6, 'Khng chn', 0, '2024-12-29 20:45:57', '2024-12-29 20:45:57'),
(14, 20, 1, 5, 'Khng chn', 0, '2024-12-29 20:45:57', '2024-12-29 20:45:57'),
(15, 20, 1, 1, 'fish', 0, '2024-12-29 20:45:57', '2024-12-29 20:45:57'),
(16, 20, 1, 4, 'Khng chn', 0, '2024-12-29 20:45:57', '2024-12-29 20:45:57'),
(17, 20, 1, 9, 'Khng chn', 0, '2024-12-29 20:45:57', '2024-12-29 20:45:57'),
(18, 20, 1, 8, 'Khng chn', 0, '2024-12-29 20:45:57', '2024-12-29 20:45:57'),
(19, 20, 1, 10, 'owl', 0, '2024-12-29 20:45:57', '2024-12-29 20:45:57'),
(20, 20, 1, 2, 'parrot', 0, '2024-12-29 21:01:37', '2024-12-29 21:01:37'),
(21, 20, 1, 1, 'fish', 0, '2024-12-29 21:01:37', '2024-12-29 21:01:37'),
(22, 20, 1, 6, 'Khng chn', 0, '2024-12-29 21:01:37', '2024-12-29 21:01:37'),
(23, 20, 1, 10, 'owl', 0, '2024-12-29 21:01:37', '2024-12-29 21:01:37'),
(24, 20, 1, 4, 'Khng chn', 0, '2024-12-29 21:01:37', '2024-12-29 21:01:37'),
(25, 20, 1, 5, 'Khng chn', 0, '2024-12-29 21:01:37', '2024-12-29 21:01:37'),
(26, 20, 1, 7, 'Khng chn', 0, '2024-12-29 21:01:37', '2024-12-29 21:01:37'),
(27, 20, 1, 9, 'Khng chn', 0, '2024-12-29 21:01:37', '2024-12-29 21:01:37'),
(28, 20, 1, 8, 'Khng chn', 0, '2024-12-29 21:01:37', '2024-12-29 21:01:37'),
(29, 20, 1, 7, 'Khng chn', 0, '2024-12-29 21:01:58', '2024-12-29 21:01:58'),
(30, 20, 1, 1, 'fish', 0, '2024-12-29 21:01:58', '2024-12-29 21:01:58'),
(31, 20, 1, 8, 'Khng chn', 0, '2024-12-29 21:01:58', '2024-12-29 21:01:58'),
(32, 20, 1, 2, 'parrot', 0, '2024-12-29 21:01:58', '2024-12-29 21:01:58'),
(33, 20, 1, 10, 'owl', 0, '2024-12-29 21:01:58', '2024-12-29 21:01:58'),
(34, 20, 1, 9, 'Khng chn', 0, '2024-12-29 21:01:58', '2024-12-29 21:01:58'),
(35, 20, 1, 4, 'Khng chn', 0, '2024-12-29 21:01:59', '2024-12-29 21:01:59'),
(36, 20, 1, 6, 'Khng chn', 0, '2024-12-29 21:01:59', '2024-12-29 21:01:59'),
(37, 20, 1, 5, 'Khng chn', 0, '2024-12-29 21:01:59', '2024-12-29 21:01:59'),
(38, 20, 1, 2, 'parrot', 0, '2024-12-29 21:22:11', '2024-12-29 21:22:11'),
(39, 20, 1, 1, 'fish', 0, '2024-12-29 21:22:11', '2024-12-29 21:22:11'),
(40, 20, 1, 5, 'Khng chn', 0, '2024-12-29 21:22:11', '2024-12-29 21:22:11'),
(41, 20, 1, 7, 'Khng chn', 0, '2024-12-29 21:22:11', '2024-12-29 21:22:11'),
(42, 20, 1, 6, 'Khng chn', 0, '2024-12-29 21:22:11', '2024-12-29 21:22:11'),
(43, 20, 1, 4, 'Khng chn', 0, '2024-12-29 21:22:11', '2024-12-29 21:22:11'),
(44, 20, 1, 9, 'Khng chn', 0, '2024-12-29 21:22:11', '2024-12-29 21:22:11'),
(45, 20, 1, 8, 'Khng chn', 0, '2024-12-29 21:22:11', '2024-12-29 21:22:11'),
(46, 20, 1, 10, 'owl', 0, '2024-12-29 21:22:11', '2024-12-29 21:22:11'),
(47, 1, 1, 10, 'Khng chn', 1, '2025-01-01 22:49:28', '2025-01-01 22:49:40'),
(48, 1, 1, 1, 'fish', 1, '2025-01-01 22:49:28', '2025-01-02 10:13:48'),
(49, 1, 1, 3, 'Khng chn', 0, '2025-01-01 22:49:28', '2025-01-01 22:49:28'),
(50, 1, 1, 8, 'Khng chn', 0, '2025-01-01 22:49:28', '2025-01-01 22:49:28'),
(51, 1, 1, 9, 'Khng chn', 1, '2025-01-01 22:49:28', '2025-01-02 09:51:06'),
(52, 1, 1, 2, 'parrot', 0, '2025-01-01 22:49:28', '2025-01-01 22:49:28'),
(53, 1, 1, 4, 'Khng chn', 0, '2025-01-01 22:49:28', '2025-01-01 22:49:28'),
(54, 1, 1, 6, 'Khng chn', 0, '2025-01-01 22:49:28', '2025-01-01 22:49:28'),
(55, 1, 1, 7, 'Khng chn', 0, '2025-01-01 22:49:28', '2025-01-01 22:49:28'),
(56, 1, 1, 5, 'Khng chn', 0, '2025-01-01 22:49:28', '2025-01-01 22:49:28'),
(57, 1, 1, 2, 'parrot', 0, '2025-01-02 09:49:55', '2025-01-02 09:49:55'),
(58, 1, 1, 8, 'Khng chn', 0, '2025-01-02 09:49:55', '2025-01-02 09:49:55'),
(59, 1, 1, 6, 'Khng chn', 0, '2025-01-02 09:49:55', '2025-01-02 09:49:55'),
(60, 1, 1, 1, 'fish', 0, '2025-01-02 09:49:55', '2025-01-02 09:49:55'),
(61, 1, 1, 9, 'Khng chn', 0, '2025-01-02 09:49:55', '2025-01-02 09:49:55'),
(62, 1, 1, 7, 'Khng chn', 0, '2025-01-02 09:49:55', '2025-01-02 09:49:55'),
(63, 1, 1, 10, 'Khng chn', 0, '2025-01-02 09:49:55', '2025-01-02 09:49:55'),
(64, 1, 1, 5, 'Khng chn', 0, '2025-01-02 09:49:55', '2025-01-02 09:49:55'),
(65, 1, 1, 3, 'Khng chn', 0, '2025-01-02 09:49:55', '2025-01-02 09:49:55'),
(66, 1, 1, 4, 'Khng chn', 0, '2025-01-02 09:49:55', '2025-01-02 09:49:55'),
(67, 1, 1, 2, 'parrot', 0, '2025-01-02 09:50:43', '2025-01-02 09:50:43'),
(68, 1, 1, 7, 'Khng chn', 0, '2025-01-02 09:50:43', '2025-01-02 09:50:43'),
(69, 1, 1, 5, 'Khng chn', 0, '2025-01-02 09:50:43', '2025-01-02 09:50:43'),
(70, 1, 1, 6, 'Khng chn', 0, '2025-01-02 09:50:43', '2025-01-02 09:50:43'),
(71, 1, 1, 8, 'Khng chn', 0, '2025-01-02 09:50:43', '2025-01-02 09:50:43'),
(72, 1, 1, 3, 'Khng chn', 0, '2025-01-02 09:50:43', '2025-01-02 09:50:43'),
(73, 1, 1, 9, 'Khng chn', 0, '2025-01-02 09:50:43', '2025-01-02 09:50:43'),
(74, 1, 1, 10, 'Khng chn', 0, '2025-01-02 09:50:43', '2025-01-02 09:50:43'),
(75, 1, 1, 4, 'Khng chn', 1, '2025-01-02 09:50:43', '2025-01-02 09:50:51'),
(76, 1, 72, 85, 'Khng chn', 0, '2025-01-02 10:59:16', '2025-01-02 10:59:16'),
(77, 1, 72, 86, 'Khng chn', 0, '2025-01-02 10:59:16', '2025-01-02 10:59:16'),
(78, 1, 72, 87, 'Khng chn', 0, '2025-01-02 10:59:16', '2025-01-02 10:59:16'),
(79, 1, 72, 88, 'Khng chn', 0, '2025-01-02 10:59:16', '2025-01-02 10:59:16'),
(80, 4, 1, 11, 'London', 0, '2025-01-02 11:11:43', '2025-01-02 11:11:43'),
(81, 4, 1, 12, '3', 0, '2025-01-02 11:11:43', '2025-01-02 11:11:43'),
(82, 4, 2, 11, 'Berlin', 1, '2025-01-02 11:11:43', '2025-01-02 11:11:43'),
(83, 4, 2, 12, '5', 1, '2025-01-02 11:11:43', '2025-01-02 11:11:43');

-- --------------------------------------------------------

--
-- Table structure for table `notifications`
--

CREATE TABLE `notifications` (
  `id` int(11) NOT NULL,
  `user_id` int(11) DEFAULT NULL,
  `type_id` int(11) DEFAULT NULL,
  `content` text DEFAULT NULL,
  `is_read` tinyint(1) DEFAULT NULL,
  `is_deleted` tinyint(1) DEFAULT NULL,
  `created_at` datetime DEFAULT NULL,
  `updated_at` datetime DEFAULT NULL
) ENGINE=InnoDB DEFAULT CHARSET=utf8mb4 COLLATE=utf8mb4_general_ci;

-- --------------------------------------------------------

--
-- Table structure for table `notification_type`
--

CREATE TABLE `notification_type` (
  `id` int(11) NOT NULL,
  `noti_type` varchar(50) NOT NULL,
  `created_at` datetime DEFAULT NULL,
  `updated_at` datetime DEFAULT NULL
) ENGINE=InnoDB DEFAULT CHARSET=utf8mb4 COLLATE=utf8mb4_general_ci;

--
-- Dumping data for table `notification_type`
--

INSERT INTO `notification_type` (`id`, `noti_type`, `created_at`, `updated_at`) VALUES
(1, 'ACTIVITY', '2025-01-01 21:45:22', '2025-01-01 21:45:22'),
(2, 'ACHIEVEMENT', '2025-01-01 21:45:22', '2025-01-01 21:45:22');

-- --------------------------------------------------------

--
-- Table structure for table `part_of_speech`
--

CREATE TABLE `part_of_speech` (
  `id` int(11) NOT NULL,
  `pos_type` varchar(50) NOT NULL,
  `created_at` datetime DEFAULT NULL,
  `updated_at` datetime DEFAULT NULL
) ENGINE=InnoDB DEFAULT CHARSET=utf8mb4 COLLATE=utf8mb4_general_ci;

--
-- Dumping data for table `part_of_speech`
--

INSERT INTO `part_of_speech` (`id`, `pos_type`, `created_at`, `updated_at`) VALUES
(1, 'NOUN', '2025-01-01 21:45:21', '2025-01-01 21:45:21'),
(2, 'PRONOUN', '2025-01-01 21:45:21', '2025-01-01 21:45:21'),
(3, 'VERB', '2025-01-01 21:45:21', '2025-01-01 21:45:21'),
(4, 'ADJECTIVE', '2025-01-01 21:45:21', '2025-01-01 21:45:21'),
(5, 'ADVERB', '2025-01-01 21:45:21', '2025-01-01 21:45:21'),
(6, 'PREPOSITION', '2025-01-01 21:45:21', '2025-01-01 21:45:21'),
(7, 'CONJUNCTION', '2025-01-01 21:45:21', '2025-01-01 21:45:21'),
(8, 'INTERJECTION', '2025-01-01 21:45:21', '2025-01-01 21:45:21'),
(9, 'DETERMINER', '2025-01-01 21:45:21', '2025-01-01 21:45:21'),
(10, 'ARTICLE', '2025-01-01 21:45:21', '2025-01-01 21:45:21');

-- --------------------------------------------------------

--
-- Table structure for table `questions`
--

CREATE TABLE `questions` (
  `id` int(11) NOT NULL,
  `content` text NOT NULL,
  `audio_url` varchar(255) DEFAULT NULL,
  `hint` text DEFAULT NULL,
  `type_id` int(11) DEFAULT NULL,
  `correct_answer` varchar(255) NOT NULL,
  `created_at` datetime DEFAULT NULL,
  `updated_at` datetime DEFAULT NULL
) ENGINE=InnoDB DEFAULT CHARSET=utf8mb4 COLLATE=utf8mb4_general_ci;

--
-- Dumping data for table `questions`
--

INSERT INTO `questions` (`id`, `content`, `audio_url`, `hint`, `type_id`, `correct_answer`, `created_at`, `updated_at`) VALUES
(1, 'I saw a ______ in the park yesterday.', NULL, 'dog', 1, 'dog', '2024-12-29 13:24:39', '2024-12-29 13:24:39'),
(2, 'My neighbor has a ______ as a pet.', NULL, 'dog', 1, 'dog', '2024-12-29 13:24:49', '2024-12-29 13:24:39'),
(3, 'He takes his ______ for a walk every morning.', NULL, 'dog', 1, 'dog', '2024-12-29 13:24:53', '2024-12-29 13:24:39'),
(4, 'A ______ is known as man\'s best friend.', NULL, 'dog', 1, 'dog', '2024-12-29 13:24:57', '2024-12-29 13:24:39'),
(5, 'The ______ barked loudly at the stranger.', NULL, 'dog', 1, 'dog', '2024-12-29 13:25:00', '2024-12-29 13:24:39'),
(6, 'She bought a ______ from the animal shelter.', NULL, 'dog', 1, 'dog', '2024-12-29 13:25:08', '2024-12-29 13:24:39'),
(7, 'The little ______ wagged its tail happily.', NULL, 'dog', 1, 'dog', '2024-12-29 13:25:12', '2024-12-29 13:24:39'),
(8, 'I adopted a ______ for my kids to play with.', NULL, 'dog', 1, 'dog', '2024-12-29 13:25:16', '2024-12-29 13:24:39'),
(9, 'The ______ chased the ball across the yard.', NULL, 'dog', 1, 'dog', '2024-12-29 13:25:20', '2024-12-29 13:24:39'),
(10, 'He trained his ______ to sit and stay on command.', NULL, 'dog', 1, 'dog', '2024-12-29 13:25:24', '2024-12-29 13:24:39'),
(11, 'What is the capital of France?', NULL, 'Paris', 1, 'Paris', '2025-01-02 10:10:39', '2025-01-02 10:10:39'),
(12, 'Which planet is known as the Red Planet?', NULL, 'Mars', 1, 'Mars', '2025-01-02 10:10:39', '2025-01-02 10:10:39'),
(13, 'What is 5 + 3?', NULL, '8', 1, '8', '2025-01-02 10:10:39', '2025-01-02 10:10:39'),
(14, 'Which ocean is the largest?', NULL, 'Pacific', 1, 'Pacific', '2025-01-02 10:10:39', '2025-01-02 10:10:39'),
(15, 'What is the chemical symbol for water?', NULL, 'H2O', 1, 'H2O', '2025-01-02 10:10:39', '2025-01-02 10:10:39'),
(16, 'Choose the correct form: She _____ to the market yesterday.', NULL, 'went', 1, 'went', '2025-01-02 10:10:39', '2025-01-02 10:10:39'),
(17, 'Fill in the blank: The sun _____ in the east.', NULL, 'rises', 1, 'rises', '2025-01-02 10:10:39', '2025-01-02 10:10:39'),
(18, 'Select the synonym for \"happy\".', NULL, 'joyful', 1, 'joyful', '2025-01-02 10:10:39', '2025-01-02 10:10:39'),
(19, 'What is the opposite of \"cold\"?', NULL, 'hot', 1, 'hot', '2025-01-02 10:10:39', '2025-01-02 10:10:39'),
(20, 'Choose the correct word: He is taller _____ his brother.', NULL, 'than', 1, 'than', '2025-01-02 10:10:39', '2025-01-02 10:10:39'),
(21, 'What is the plural of \"mouse\"?', NULL, 'mice', 1, 'mice', '2025-01-02 10:10:39', '2025-01-02 10:10:39'),
(22, 'Which of the following is a fruit?', NULL, 'apple', 1, 'apple', '2025-01-02 10:10:39', '2025-01-02 10:10:39'),
(23, 'Select the correct spelling.', NULL, 'necessary', 1, 'necessary', '2025-01-02 10:10:39', '2025-01-02 10:10:39'),
(24, 'Which word is a noun?', NULL, 'book', 1, 'book', '2025-01-02 10:10:39', '2025-01-02 10:10:39'),
(25, 'What is 10 divided by 2?', NULL, '5', 1, '5', '2025-01-02 10:10:39', '2025-01-02 10:10:39'),
(26, 'Choose the correct verb: He _____ playing football.', NULL, 'enjoys', 1, 'enjoys', '2025-01-02 10:10:39', '2025-01-02 10:10:39'),
(27, 'Fill in the blank: A dog has four _____.', NULL, 'legs', 1, 'legs', '2025-01-02 10:10:39', '2025-01-02 10:10:39'),
(28, 'Which is an adjective?', NULL, 'beautiful', 1, 'beautiful', '2025-01-02 10:10:39', '2025-01-02 10:10:39'),
(29, 'What is the past tense of \"run\"?', NULL, 'ran', 1, 'ran', '2025-01-02 10:10:39', '2025-01-02 10:10:39'),
(30, 'Select the correct article: _____ apple is red.', NULL, 'The', 1, 'The', '2025-01-02 10:10:39', '2025-01-02 10:10:39'),
(31, 'What is the synonym of \"fast\"?', NULL, 'quick', 1, 'quick', '2025-01-02 10:10:39', '2025-01-02 10:10:39'),
(32, 'Fill in the blank: She _____ a new dress for the party.', NULL, 'bought', 1, 'bought', '2025-01-02 10:10:39', '2025-01-02 10:10:39'),
(33, 'Choose the correct option: A _____ of birds.', NULL, 'flock', 1, 'flock', '2025-01-02 10:10:39', '2025-01-02 10:10:39'),
(34, 'What is the opposite of \"up\"?', NULL, 'down', 1, 'down', '2025-01-02 10:10:39', '2025-01-02 10:10:39'),
(35, 'Fill in the blank: He _____ a doctor.', NULL, 'is', 1, 'is', '2025-01-02 10:10:39', '2025-01-02 10:10:39'),
(36, 'Choose the correct form: They _____ to the park every weekend.', NULL, 'go', 1, 'go', '2025-01-02 10:10:39', '2025-01-02 10:10:39'),
(37, 'What is the synonym of \"big\"?', NULL, 'large', 1, 'large', '2025-01-02 10:10:39', '2025-01-02 10:10:39'),
(38, 'Select the correct spelling.', NULL, 'receive', 1, 'receive', '2025-01-02 10:10:39', '2025-01-02 10:10:39'),
(39, 'What is the past tense of \"eat\"?', NULL, 'ate', 1, 'ate', '2025-01-02 10:10:39', '2025-01-02 10:10:39'),
(40, 'Choose the correct answer: The _____ are in the sky.', NULL, 'stars', 1, 'stars', '2025-01-02 10:10:39', '2025-01-02 10:10:39'),
(41, 'What is the opposite of \"day\"?', NULL, 'night', 1, 'night', '2025-01-02 10:10:39', '2025-01-02 10:10:39'),
(42, 'Fill in the blank: She _____ her homework already.', NULL, 'has done', 1, 'has done', '2025-01-02 10:10:39', '2025-01-02 10:10:39'),
(43, 'What is the plural of \"child\"?', NULL, 'children', 1, 'children', '2025-01-02 10:10:39', '2025-01-02 10:10:39'),
(44, 'Select the correct answer: The sun is very _____.', NULL, 'bright', 1, 'bright', '2025-01-02 10:10:39', '2025-01-02 10:10:39'),
(45, 'Choose the correct preposition: The book is _____ the table.', NULL, 'on', 1, 'on', '2025-01-02 10:10:39', '2025-01-02 10:10:39'),
(46, 'Fill in the blank: There are _____ apples in the basket.', NULL, 'five', 1, 'five', '2025-01-02 10:10:39', '2025-01-02 10:10:39'),
(47, 'What is the opposite of \"small\"?', NULL, 'big', 1, 'big', '2025-01-02 10:10:39', '2025-01-02 10:10:39'),
(48, 'Choose the correct option: He is _____ to school now.', NULL, 'going', 1, 'going', '2025-01-02 10:10:39', '2025-01-02 10:10:39'),
(49, 'Fill in the blank: She _____ very happy yesterday.', NULL, 'was', 1, 'was', '2025-01-02 10:10:39', '2025-01-02 10:10:39'),
(50, 'What is the synonym of \"smart\"?', NULL, 'intelligent', 1, 'intelligent', '2025-01-02 10:10:39', '2025-01-02 10:10:39'),
(51, 'Select the correct answer: The Earth revolves around the _____.', NULL, 'sun', 1, 'sun', '2025-01-02 10:10:39', '2025-01-02 10:10:39'),
(52, 'Fill in the blank: They _____ a new house last year.', NULL, 'built', 1, 'built', '2025-01-02 10:10:39', '2025-01-02 10:10:39'),
(53, 'What is the opposite of \"short\"?', NULL, 'tall', 1, 'tall', '2025-01-02 10:10:39', '2025-01-02 10:10:39'),
(54, 'Choose the correct spelling.', NULL, 'beginning', 1, 'beginning', '2025-01-02 10:10:39', '2025-01-02 10:10:39'),
(55, 'What is the plural of \"fish\"?', NULL, 'fish', 1, 'fish', '2025-01-02 10:10:39', '2025-01-02 10:10:39'),
(56, 'Fill in the blank: I _____ to the cinema yesterday.', NULL, 'went', 1, 'went', '2025-01-02 10:10:39', '2025-01-02 10:10:39'),
(57, 'Choose the correct word: He is as brave _____ a lion.', NULL, 'as', 1, 'as', '2025-01-02 10:10:39', '2025-01-02 10:10:39'),
(58, 'What is the synonym of \"happy\"?', NULL, 'content', 1, 'content', '2025-01-02 10:10:39', '2025-01-02 10:10:39'),
(59, 'Select the correct answer: The _____ is a domestic animal.', NULL, 'cat', 1, 'cat', '2025-01-02 10:10:39', '2025-01-02 10:10:39'),
(60, 'Fill in the blank: The baby is _____ in the cradle.', NULL, 'sleeping', 1, 'sleeping', '2025-01-02 10:10:39', '2025-01-02 10:10:39'),
(61, 'The book ___ on the table.', NULL, 'Use the correct form of \"be\"', 1, 'is', '2025-01-02 10:30:49', '2025-01-02 10:30:49'),
(62, 'She ___ to the store every day.', NULL, 'Think of a verb for regular action.', 1, 'goes', '2025-01-02 10:30:49', '2025-01-02 10:30:49'),
(63, 'I ___ seen that movie already.', NULL, 'Past perfect form.', 1, 'have', '2025-01-02 10:30:49', '2025-01-02 10:30:49'),
(64, 'They ___ playing football now.', NULL, 'Present continuous.', 1, 'are', '2025-01-02 10:30:49', '2025-01-02 10:30:49'),
(65, 'We ___ to Paris last year.', NULL, 'Think of a past action.', 1, 'went', '2025-01-02 10:30:49', '2025-01-02 10:30:49'),
(66, 'If I were you, I ___ do that.', NULL, 'Conditional structure.', 1, 'would', '2025-01-02 10:30:49', '2025-01-02 10:30:49'),
(67, 'They ___ finished their homework before dinner.', NULL, 'Past perfect form.', 1, 'had', '2025-01-02 10:30:49', '2025-01-02 10:30:49'),
(68, 'He ___ not like coffee.', NULL, 'Negative form in present tense.', 1, 'does', '2025-01-02 10:30:49', '2025-01-02 10:30:49'),
(69, 'There ___ three apples on the table.', NULL, 'Plural subject agreement.', 1, 'are', '2025-01-02 10:30:49', '2025-01-02 10:30:49'),
(70, 'By next year, she ___ graduated from college.', NULL, 'Future perfect tense.', 1, 'will have', '2025-01-02 10:30:49', '2025-01-02 10:30:49'),
(71, 'The children ___ playing in the park.', NULL, 'Past continuous form.', 1, 'were', '2025-01-02 10:30:49', '2025-01-02 10:30:49'),
(72, 'He ___ to finish his homework before the deadline.', NULL, 'Modal verb for obligation.', 1, 'has', '2025-01-02 10:30:49', '2025-01-02 10:30:49'),
(73, 'We ___ live in London when we were young.', NULL, 'Past habit structure.', 1, 'used to', '2025-01-02 10:30:49', '2025-01-02 10:30:49'),
(74, 'I think she ___ the most talented person here.', NULL, 'Superlative comparison.', 1, 'is', '2025-01-02 10:30:49', '2025-01-02 10:30:49'),
(75, 'I ___ to the beach tomorrow.', NULL, 'Future plan.', 1, 'am going', '2025-01-02 10:30:49', '2025-01-02 10:30:49'),
(76, 'We ___ not agree with his opinion.', NULL, 'Negative form in present tense.', 1, 'do', '2025-01-02 10:30:49', '2025-01-02 10:30:49'),
(77, 'She ___ working here since 2015.', NULL, 'Present perfect continuous.', 1, 'has been', '2025-01-02 10:30:49', '2025-01-02 10:30:49'),
(78, 'They ___ meet us at the station at 6 PM.', NULL, 'Future arrangement.', 1, 'will', '2025-01-02 10:30:49', '2025-01-02 10:30:49'),
(79, 'The train ___ leave the station at 9 AM.', NULL, 'Simple future tense.', 1, 'will', '2025-01-02 10:30:49', '2025-01-02 10:30:49'),
(80, 'I ___ not understand the question.', NULL, 'Negative form in present tense.', 1, 'do', '2025-01-02 10:30:49', '2025-01-02 10:30:49'),
(81, 'She ___ studying for the exam when I called.', NULL, 'Past continuous form.', 1, 'was', '2025-01-02 10:45:42', '2025-01-02 10:45:42'),
(82, 'I ___ never been to Japan before.', NULL, 'Present perfect tense.', 1, 'have', '2025-01-02 10:45:42', '2025-01-02 10:45:42'),
(83, 'They ___ running when it started to rain.', NULL, 'Past continuous action.', 1, 'were', '2025-01-02 10:45:42', '2025-01-02 10:45:42'),
(84, 'We ___ have a meeting tomorrow.', NULL, 'Future arrangement.', 1, 'will', '2025-01-02 10:45:42', '2025-01-02 10:45:42'),
(85, 'He ___ his homework already.', NULL, 'Present perfect tense.', 1, 'has finished', '2025-01-02 10:45:43', '2025-01-02 10:45:43'),
(86, 'The cat ___ sleeping on the chair.', NULL, 'Present continuous tense.', 1, 'is', '2025-01-02 10:45:58', '2025-01-02 10:45:58'),
(87, 'I ___ like chocolate when I was a child.', NULL, 'Negative past tense.', 1, 'did not', '2025-01-02 10:45:58', '2025-01-02 10:45:58'),
(88, 'We ___ going to visit the museum tomorrow.', NULL, 'Future plan.', 1, 'are', '2025-01-02 10:45:58', '2025-01-02 10:45:58'),
(89, 'He ___ working hard on his project.', NULL, 'Present continuous tense.', 1, 'is', '2025-01-02 10:45:58', '2025-01-02 10:45:58'),
(90, 'They ___ to the park every weekend.', NULL, 'Habitual present action.', 1, 'go', '2025-01-02 10:45:58', '2025-01-02 10:45:58'),
(91, 'I ___ playing football when it started raining.', NULL, 'Past continuous action.', 1, 'was', '2025-01-02 10:47:30', '2025-01-02 10:47:30'),
(92, 'She ___ never been to the USA before.', NULL, 'Present perfect tense.', 1, 'has', '2025-01-02 10:47:30', '2025-01-02 10:47:30'),
(93, 'We ___ a wonderful time at the party last night.', NULL, 'Past simple action.', 1, 'had', '2025-01-02 10:47:30', '2025-01-02 10:47:30'),
(94, 'They ___ not understand the instructions.', NULL, 'Negative past tense.', 1, 'did', '2025-01-02 10:47:30', '2025-01-02 10:47:30'),
(95, 'By 2025, we ___ completed the project.', NULL, 'Future perfect tense.', 1, 'will have', '2025-01-02 10:47:30', '2025-01-02 10:47:30'),
(96, 'He ___ to the store every Saturday.', NULL, 'Present habitual action.', 1, 'goes', '2025-01-02 10:47:30', '2025-01-02 10:47:30'),
(97, 'They ___ studying for the final exam tomorrow.', NULL, 'Future continuous action.', 1, 'will be', '2025-01-02 10:47:30', '2025-01-02 10:47:30'),
(98, 'She ___ arrived before the meeting started.', NULL, 'Past perfect action.', 1, 'had', '2025-01-02 10:47:30', '2025-01-02 10:47:30'),
(99, 'The train ___ on time every day.', NULL, 'Simple present tense.', 1, 'arrives', '2025-01-02 10:47:30', '2025-01-02 10:47:30'),
(100, 'He ___ not work on weekends.', NULL, 'Negative present tense.', 1, 'does', '2025-01-02 10:47:30', '2025-01-02 10:47:30'),
(101, 'What is the capital of France?', 'https://fakeaudio.com/question1.mp3', 'It\'s also known as the City of Lights.', 1, 'Paris', '2025-01-02 11:11:43', '2025-01-02 11:11:43'),
(102, 'What is 2 + 2?', 'https://fakeaudio.com/question2.mp3', 'It\'s an even number.', 1, '4', '2025-01-02 11:11:43', '2025-01-02 11:11:43');

-- --------------------------------------------------------

--
-- Table structure for table `question_type`
--

CREATE TABLE `question_type` (
  `id` int(11) NOT NULL,
  `ques_type` varchar(50) NOT NULL,
  `created_at` datetime DEFAULT NULL,
  `updated_at` datetime DEFAULT NULL
) ENGINE=InnoDB DEFAULT CHARSET=utf8mb4 COLLATE=utf8mb4_general_ci;

--
-- Dumping data for table `question_type`
--

INSERT INTO `question_type` (`id`, `ques_type`, `created_at`, `updated_at`) VALUES
(1, 'MULTIPLE_CHOICE', '2025-01-01 21:45:21', '2025-01-01 21:45:21'),
(2, 'FILL_IN_THE_BLANK', '2025-01-01 21:45:21', '2025-01-01 21:45:21');

-- --------------------------------------------------------

--
-- Table structure for table `roles`
--

CREATE TABLE `roles` (
  `id` int(11) NOT NULL,
  `name` varchar(20) NOT NULL
) ENGINE=InnoDB DEFAULT CHARSET=utf8mb4 COLLATE=utf8mb4_general_ci;

--
-- Dumping data for table `roles`
--

INSERT INTO `roles` (`id`, `name`) VALUES
(1, 'USER'),
(2, 'ADMIN');

-- --------------------------------------------------------

--
-- Table structure for table `topics`
--

CREATE TABLE `topics` (
  `id` int(11) NOT NULL,
  `name` varchar(255) NOT NULL,
  `created_at` datetime DEFAULT NULL,
  `updated_at` datetime DEFAULT NULL
) ENGINE=InnoDB DEFAULT CHARSET=utf8mb4 COLLATE=utf8mb4_general_ci;

--
-- Dumping data for table `topics`
--

INSERT INTO `topics` (`id`, `name`, `created_at`, `updated_at`) VALUES
(1, 'Animals', '2025-01-01 21:45:22', '2025-01-01 21:45:22'),
(2, 'Food', '2025-01-01 21:45:22', '2025-01-01 21:45:22'),
(3, 'Technology', '2025-01-01 21:45:22', '2025-01-01 21:45:22'),
(4, 'Nature', '2025-01-01 21:45:22', '2025-01-01 21:45:22'),
(5, 'Sports', '2025-01-01 21:45:22', '2025-01-01 21:45:22'),
(6, 'Health', '2025-01-01 21:45:22', '2025-01-01 21:45:22'),
(7, 'Education', '2025-01-01 21:45:22', '2025-01-01 21:45:22'),
(8, 'Travel', '2025-01-01 21:45:22', '2025-01-01 21:45:22'),
(9, 'Music', '2025-01-01 21:45:22', '2025-01-01 21:45:22'),
(10, 'Art', '2025-01-01 21:45:22', '2025-01-01 21:45:22');

-- --------------------------------------------------------

--
-- Table structure for table `users`
--

CREATE TABLE `users` (
  `id` int(11) NOT NULL,
  `username` varchar(255) NOT NULL,
  `email` varchar(255) NOT NULL,
  `first_name` varchar(255) DEFAULT NULL,
  `last_name` varchar(255) DEFAULT NULL,
  `date_of_birth` datetime DEFAULT NULL,
  `gender_id` int(11) DEFAULT NULL,
  `picture` varchar(255) DEFAULT NULL,
  `goal_id` int(11) DEFAULT NULL,
  `password` varchar(255) DEFAULT NULL,
  `is_public` tinyint(1) DEFAULT NULL,
  `google_id` varchar(255) DEFAULT NULL,
  `access_token` varchar(255) DEFAULT NULL,
  `created_at` datetime DEFAULT NULL,
  `updated_at` datetime DEFAULT NULL,
  `role_id` int(11) DEFAULT NULL
) ENGINE=InnoDB DEFAULT CHARSET=utf8mb4 COLLATE=utf8mb4_general_ci;

--
-- Dumping data for table `users`
--

INSERT INTO `users` (`id`, `username`, `email`, `first_name`, `last_name`, `date_of_birth`, `gender_id`, `picture`, `goal_id`, `password`, `is_public`, `google_id`, `access_token`, `created_at`, `updated_at`, `role_id`) VALUES
(1, 'tachithanhdanh', 'tachithanhdanh@gmail.com', 'Chi Thanh Danh', 'Ta', '1990-05-01 00:00:00', 1, 'https://raw.githubusercontent.com/shadow578/Project-Padoru/refs/heads/master/Padoru/cells-at-work-patelet.png', NULL, '$2a$10$kGHpgELykH9P9d.H35WlsucyPSRN.CneN6TlgG5elJeuX8v6nycxq', 1, NULL, 'eyJhbGciOiJIUzUxMiJ9.eyJ1c2VybmFtZSI6InRhY2hpdGhhbmhkYW5oIiwic3ViIjoidGFjaGl0aGFuaGRhbmgiLCJleHAiOjE3MzU4MjkxMzB9.mYUnm3qh6JCPQ7AF3bUes24HgnEv4SD-VP0Fy2N90odlHA6Dpld-IMD0MKkW_SC_5jloGFzCdkwH3GI9jjGPMA', '2025-01-01 21:45:22', '2025-01-01 22:58:10', 2),
(2, 'vandatcqh', 'ngodat1214@gmail.com', 'Van Dat', 'Ngo', '1992-08-12 00:00:00', 1, 'https://fakeurl.com/pic2.jpg', NULL, '$2a$10$kGHpgELykH9P9d.H35WlsucyPSRN.CneN6TlgG5elJeuX8v6nycxq', 1, NULL, NULL, '2025-01-01 21:45:22', '2025-01-01 21:45:22', 2),
(3, 'allforest01', 'allforest01@gmail.com', 'Tuan Kiet', 'Mai Van', '1985-10-25 00:00:00', 1, 'https://fakeurl.com/pic3.jpg', NULL, '$2a$10$kGHpgELykH9P9d.H35WlsucyPSRN.CneN6TlgG5elJeuX8v6nycxq', 1, NULL, NULL, '2025-01-01 21:45:22', '2025-01-01 21:45:22', 2),
(4, 'NguyenHung1207', 'nguyenhung.9a5.nbk@gmail.com', 'Hung', 'Nguyen', '1988-01-15 00:00:00', 1, 'https://fakeurl.com/pic4.jpg', NULL, '$2a$10$kGHpgELykH9P9d.H35WlsucyPSRN.CneN6TlgG5elJeuX8v6nycxq', 1, NULL, NULL, '2025-01-01 21:45:22', '2025-01-01 21:45:22', 2),
(5, 'con_me_may', 'con_me_may@yahoo.com', 'Thomas', 'Cohen', '1988-03-30 00:00:00', 3, 'https://placeimg.com/917/729/any', NULL, '(r1RHsqw17aB', 0, '8869', 'bc5095f4-3516-4ffa-9ad9-7ff79485b7c0', '2024-12-14 12:17:33', '2024-12-14 12:17:33', NULL),
(6, 'thang_cha_may', 'thang_cha_may@yahoo.com', 'Thomas', 'Cohen', '1988-03-30 00:00:00', 3, 'https://placeimg.com/917/729/any', NULL, '(r1RHsqw17aB', 0, '8869', 'bc5095f4-3516-4ffa-9ad9-7ff79485b7c0', '2024-12-14 12:31:42', '2024-12-14 12:31:42', NULL),
(8, 'thang_cha_may_aaa', 'thang_cha_may_aaa@yahoo.com', 'Thomas', 'Cohen', '1988-03-30 00:00:00', 3, 'https://placeimg.com/917/729/any', NULL, '(r1RHsqw17aB', 0, '8869', 'bc5095f4-3516-4ffa-9ad9-7ff79485b7c0', '2024-12-15 16:51:14', '2024-12-15 16:51:14', NULL),
(10, 'con_me_may_beo_aaa', 'con_me_may_beo_aaa@yahoo.com', 'Thomas', 'Cohen', '1988-03-30 00:00:00', 3, 'https://placeimg.com/917/729/any', NULL, '(r1RHsqw17aB', 0, '8869', 'bc5095f4-3516-4ffa-9ad9-7ff79485b7c0', '2024-12-15 17:21:54', '2024-12-15 17:21:54', NULL),
(12, 'con_me_may_beo_aaaaa', 'con_me_may_beo_aaaaa@yahoo.com', 'Thomas', 'Cohen', '1988-03-30 00:00:00', 3, 'https://placeimg.com/917/729/any', NULL, '(r1RHsqw17aB', 0, '8869', 'bc5095f4-3516-4ffa-9ad9-7ff79485b7c0', '2024-12-15 17:23:16', '2024-12-15 17:23:16', NULL),
(14, 'con_me_may_beo_aaaaa_fuck_you', 'con_me_may_beo_aaaaa_fuck_you@yahoo.com', 'Thomas', 'Cohen', '1988-03-30 00:00:00', 3, 'https://placeimg.com/917/729/any', NULL, '(r1RHsqw17aB', 0, '8869', 'bc5095f4-3516-4ffa-9ad9-7ff79485b7c0', '2024-12-15 17:28:47', '2024-12-15 17:28:47', 1),
(15, 'con_me_may_beo_aaaaa_fuck_you_im_me_di', 'con_me_may_beo_aaaaa_fuck_you_im_me_di@yahoo.com', 'Thomas', 'Cohen', '1988-03-30 00:00:00', 3, 'https://placeimg.com/917/729/any', NULL, '(r1RHsqw17aB', 0, '8869', 'bc5095f4-3516-4ffa-9ad9-7ff79485b7c0', '2024-12-15 17:46:11', '2024-12-15 17:46:11', NULL),
(17, 'con_me_may_beo_aaaaa_fuck_you_im_me_di_con_cho', 'con_me_may_beo_aaaaa_fuck_you_im_me_di_con_cho@yahoo.com', 'Thomas', 'Cohen', '1988-03-30 00:00:00', 3, 'https://placeimg.com/917/729/any', NULL, '(r1RHsqw17aB', 0, '8869', 'bc5095f4-3516-4ffa-9ad9-7ff79485b7c0', '2024-12-15 17:46:55', '2024-12-15 17:46:55', 1),
(19, 'shiroinu', 'shiroinu@gmail.com', 'Shiro', 'Inu', '2024-12-27 17:00:00', 2, NULL, NULL, '$2a$10$PBgxHRNBrCm07EVSAipvoeJ63C434p0JT4Fdo5/9KqzzktMbqYVOK', 1, NULL, 'eyJhbGciOiJIUzUxMiJ9.eyJ1c2VybmFtZSI6InNoaXJvaW51Iiwic3ViIjoic2hpcm9pbnUiLCJleHAiOjE3MzU0MTcxNTV9.Bv-b8qLHMxwsGKolRmDh2NgIbLJ_I4r07k_0L2NfN9C0Xjeo_aVl4q6Ix-lCuajrh-N8r5SYNI1koXGVnvhyUQ', '2024-12-28 03:19:10', '2024-12-28 03:19:16', 1),
(20, 'allforest02', 'allforest02@gmail.com', 'Kiet', 'Tuan', '2019-03-13 17:00:00', 1, 'https://raw.githubusercontent.com/shadow578/Project-Padoru/refs/heads/master/Padoru/dragon-maid-tooru.png', NULL, '$2a$10$JsnqvOcq5Klgv3yk2T2truC2yXnMQB4VSmu037V37S6hZJ//MGMRG', 1, NULL, 'eyJhbGciOiJIUzUxMiJ9.eyJ1c2VybmFtZSI6ImFsbGZvcmVzdDAyIiwic3ViIjoiYWxsZm9yZXN0MDIiLCJleHAiOjE3MzU2NDY2MTF9.s8MKSJju2VLQ7d2VGsd4mAOrlA-oSp-rx0mOMyRK8tRMT2aCEcZcozHVTA55Hf4nF2XzHZsMDRGFu8UDynTMdg', '2024-12-28 03:23:48', '2024-12-30 19:03:31', 1),
(30, 'katelynscott', 'kelly97@yahoo.com', 'Thomas', 'Cohen', '1988-03-30 00:00:00', 3, 'https://placeimg.com/917/729/any', NULL, '(r1RHsqw17aB', 0, '8869', 'bc5095f4-3516-4ffa-9ad9-7ff79485b7c0', '2024-11-23 21:46:29', '2024-11-23 21:46:29', NULL);

-- --------------------------------------------------------

--
-- Table structure for table `user_answers`
--

CREATE TABLE `user_answers` (
  `id` int(11) NOT NULL,
  `user_id` int(11) NOT NULL,
  `question_id` int(11) NOT NULL,
  `answer_text` varchar(255) NOT NULL,
  `created_at` datetime DEFAULT NULL,
  `updated_at` datetime DEFAULT NULL
) ENGINE=InnoDB DEFAULT CHARSET=utf8mb4 COLLATE=utf8mb4_general_ci;

--
-- Dumping data for table `user_answers`
--

INSERT INTO `user_answers` (`id`, `user_id`, `question_id`, `answer_text`, `created_at`, `updated_at`) VALUES
(19, 20, 1, 'dog', '2024-12-29 16:30:36', '2024-12-30 19:03:43'),
(20, 20, 2, 'rabbit', '2024-12-29 16:32:03', '2024-12-30 19:03:47'),
(21, 20, 10, 'owl', '2024-12-29 16:38:28', '2024-12-29 16:38:28'),
(22, 20, 3, 'lizard', '2024-12-29 17:26:30', '2024-12-30 19:03:51'),
(23, 20, 5, '', '2024-12-29 17:30:29', '2024-12-29 17:30:29'),
(24, 20, 4, '', '2024-12-29 17:30:29', '2024-12-29 17:30:29'),
(25, 20, 6, '', '2024-12-29 17:30:29', '2024-12-29 17:30:29'),
(26, 20, 7, '', '2024-12-29 17:30:29', '2024-12-29 17:30:29'),
(27, 20, 8, '', '2024-12-29 17:30:29', '2024-12-29 17:30:29'),
(28, 20, 9, '', '2024-12-29 17:30:29', '2024-12-29 17:30:29'),
(29, 1, 1, 'dog', '2025-01-01 22:15:33', '2025-01-02 09:50:16'),
(30, 1, 2, '', '2025-01-01 22:15:36', '2025-01-02 09:53:03'),
(31, 1, 3, '', '2025-01-01 22:15:38', '2025-01-01 22:29:03'),
(32, 1, 4, '', '2025-01-01 22:15:41', '2025-01-01 22:29:04'),
(33, 1, 5, '', '2025-01-01 22:15:43', '2025-01-01 22:25:00'),
(34, 1, 6, 'pony', '2025-01-01 22:16:02', '2025-01-02 09:53:37'),
(35, 1, 7, '', '2025-01-01 22:16:04', '2025-01-01 22:29:09'),
(36, 1, 8, '', '2025-01-01 22:16:13', '2025-01-01 22:29:10'),
(37, 1, 9, '', '2025-01-01 22:16:15', '2025-01-01 22:29:11'),
(38, 1, 10, '', '2025-01-01 22:16:17', '2025-01-01 22:29:12'),
(39, 1, 11, 'Paris', '2025-01-02 10:11:39', '2025-01-02 10:11:39'),
(40, 1, 12, 'Mars', '2025-01-02 10:11:52', '2025-01-02 10:11:52'),
(41, 1, 13, '8', '2025-01-02 10:11:55', '2025-01-02 10:11:55'),
(42, 1, 14, 'Pacific', '2025-01-02 10:11:58', '2025-01-02 10:11:58'),
(43, 1, 15, 'H2O', '2025-01-02 10:12:01', '2025-01-02 10:12:01'),
(44, 1, 16, 'went', '2025-01-02 10:13:43', '2025-01-02 10:13:43'),
(45, 1, 21, 'mice', '2025-01-02 10:15:10', '2025-01-02 10:15:10'),
(46, 1, 85, '', '2025-01-02 10:59:14', '2025-01-02 10:59:14'),
(47, 1, 87, '', '2025-01-02 10:59:14', '2025-01-02 10:59:14'),
(48, 1, 86, '', '2025-01-02 10:59:14', '2025-01-02 10:59:14'),
(49, 1, 88, '', '2025-01-02 10:59:14', '2025-01-02 10:59:14'),
(50, 1, 81, 'is', '2025-01-02 10:59:55', '2025-01-02 10:59:55'),
(51, 1, 82, 'have', '2025-01-02 11:00:00', '2025-01-02 11:00:00'),
(52, 1, 83, 'were', '2025-01-02 11:00:04', '2025-01-02 11:00:04'),
(53, 1, 84, 'will', '2025-01-02 11:00:09', '2025-01-02 11:00:09'),
(54, 4, 11, 'London', '2025-01-02 11:11:43', '2025-01-02 11:11:43'),
(55, 4, 12, '3', '2025-01-02 11:11:43', '2025-01-02 11:11:43'),
(56, 4, 11, 'Berlin', '2025-01-02 11:11:43', '2025-01-02 11:11:43'),
(57, 4, 12, '5', '2025-01-02 11:11:43', '2025-01-02 11:11:43');

-- --------------------------------------------------------

--
-- Table structure for table `user_gender`
--

CREATE TABLE `user_gender` (
  `id` int(11) NOT NULL,
  `gender_type` varchar(50) NOT NULL,
  `created_at` datetime DEFAULT NULL,
  `updated_at` datetime DEFAULT NULL
) ENGINE=InnoDB DEFAULT CHARSET=utf8mb4 COLLATE=utf8mb4_general_ci;

--
-- Dumping data for table `user_gender`
--

INSERT INTO `user_gender` (`id`, `gender_type`, `created_at`, `updated_at`) VALUES
(1, 'MALE', '2025-01-01 21:45:21', '2025-01-01 21:45:21'),
(2, 'FEMALE', '2025-01-01 21:45:21', '2025-01-01 21:45:21'),
(3, 'OTHER', '2025-01-01 21:45:21', '2025-01-01 21:45:21');

-- --------------------------------------------------------

--
-- Table structure for table `words`
--

CREATE TABLE `words` (
  `id` int(11) NOT NULL,
  `word` varchar(255) NOT NULL,
  `meaning` varchar(255) NOT NULL,
  `topic_id` int(11) DEFAULT NULL,
  `part_of_speech_id` int(11) DEFAULT NULL,
  `pronunciation` varchar(255) DEFAULT NULL,
  `audio_url` varchar(255) DEFAULT NULL,
  `example_sentence` text DEFAULT NULL,
  `created_at` datetime DEFAULT NULL,
  `updated_at` datetime DEFAULT NULL
) ENGINE=InnoDB DEFAULT CHARSET=utf8mb4 COLLATE=utf8mb4_general_ci;

--
-- Dumping data for table `words`
--

INSERT INTO `words` (`id`, `word`, `meaning`, `topic_id`, `part_of_speech_id`, `pronunciation`, `audio_url`, `example_sentence`, `created_at`, `updated_at`) VALUES
(1, 'Dog', 'A domesticated canine', 1, 1, 'd', 'https://fakeaudio.com/dog.mp3', 'The dog barked.', '2025-01-01 21:45:22', '2025-01-01 21:45:22'),
(2, 'Cat', 'A small domesticated feline', 1, 1, 'kt', 'https://fakeaudio.com/cat.mp3', 'The cat slept.', '2025-01-01 21:45:22', '2025-01-01 21:45:22'),
(3, 'Elephant', 'A large mammal with a trunk', 1, 1, 'lfnt', 'https://fakeaudio.com/elephant.mp3', 'The elephant is huge.', '2025-01-01 21:45:22', '2025-01-01 21:45:22'),
(4, 'Lion', 'A large wild cat', 1, 1, 'la.n', 'https://fakeaudio.com/lion.mp3', 'The lion roared.', '2025-01-01 21:45:22', '2025-01-01 21:45:22'),
(5, 'Giraffe', 'A tall African mammal', 1, 1, 'drf', 'https://fakeaudio.com/giraffe.mp3', 'The giraffe ate leaves.', '2025-01-01 21:45:22', '2025-01-01 21:45:22'),
(6, 'Apple', 'A sweet fruit', 2, 1, 'p.l', 'https://fakeaudio.com/apple.mp3', 'He ate an apple.', '2025-01-01 21:45:22', '2025-01-01 21:45:22'),
(7, 'Bread', 'A staple food made of flour', 2, 1, 'brd', 'https://fakeaudio.com/bread.mp3', 'They baked bread.', '2025-01-01 21:45:22', '2025-01-01 21:45:22'),
(8, 'Cheese', 'A dairy product made from milk', 2, 1, 'tiz', 'https://fakeaudio.com/cheese.mp3', 'He loves cheese.', '2025-01-01 21:45:22', '2025-01-01 21:45:22'),
(9, 'Pasta', 'An Italian dish made from dough', 2, 1, 'p.st', 'https://fakeaudio.com/pasta.mp3', 'The pasta was delicious.', '2025-01-01 21:45:22', '2025-01-01 21:45:22'),
(10, 'Tomato', 'A red juicy fruit often used as a vegetable', 2, 1, 'tm.t', 'https://fakeaudio.com/tomato.mp3', 'She sliced a tomato.', '2025-01-01 21:45:22', '2025-01-01 21:45:22'),
(11, 'Computer', 'An electronic device for storing and processing data', 3, 1, 'kmpju.tr', 'https://fakeaudio.com/computer.mp3', 'I use a computer daily.', '2025-01-01 21:45:22', '2025-01-01 21:45:22'),
(12, 'Smartphone', 'A mobile phone with advanced features', 3, 1, 'smt.fn', 'https://fakeaudio.com/smartphone.mp3', 'He answered his smartphone.', '2025-01-01 21:45:22', '2025-01-01 21:45:22'),
(13, 'Robot', 'A machine capable of carrying out complex actions', 3, 1, 'r.bt', 'https://fakeaudio.com/robot.mp3', 'The robot cleaned the floor.', '2025-01-01 21:45:22', '2025-01-01 21:45:22'),
(14, 'Drone', 'An unmanned aerial vehicle', 3, 1, 'drn', 'https://fakeaudio.com/drone.mp3', 'The drone hovered above.', '2025-01-01 21:45:22', '2025-01-01 21:45:22'),
(15, 'Internet', 'A global system of interconnected computer networks', 3, 1, 'n.t.net', 'https://fakeaudio.com/internet.mp3', 'The internet connects people worldwide.', '2025-01-01 21:45:22', '2025-01-01 21:45:22'),
(16, 'Tree', 'A perennial plant with a trunk', 4, 1, 'tri', 'https://fakeaudio.com/tree.mp3', 'The tree is tall.', '2025-01-01 21:45:22', '2025-01-01 21:45:22'),
(17, 'River', 'A large natural stream of water', 4, 1, 'rv.r', 'https://fakeaudio.com/river.mp3', 'The river flows quickly.', '2025-01-01 21:45:22', '2025-01-01 21:45:22'),
(18, 'Mountain', 'A large natural elevation of the earth', 4, 1, 'man.tn', 'https://fakeaudio.com/mountain.mp3', 'We climbed the mountain.', '2025-01-01 21:45:22', '2025-01-01 21:45:22'),
(19, 'Forest', 'A large area covered with trees', 4, 1, 'fr.st', 'https://fakeaudio.com/forest.mp3', 'The forest is dense.', '2025-01-01 21:45:22', '2025-01-01 21:45:22'),
(20, 'Flower', 'The seed-bearing part of a plant', 4, 1, 'fla.r', 'https://fakeaudio.com/flower.mp3', 'The flower is blooming.', '2025-01-01 21:45:22', '2025-01-01 21:45:22'),
(21, 'Football', 'A sport played by two teams of eleven players with a spherical ball', 5, 1, 'ft.bl', 'https://fakeaudio.com/football.mp3', 'They play football every weekend.', '2025-01-01 21:45:22', '2025-01-01 21:45:22'),
(22, 'Basketball', 'A game played between two teams of five players where goals are scored by throwing a ball through a netted hoop', 5, 1, 'bs.kt.bl', 'https://fakeaudio.com/basketball.mp3', 'He dribbles a basketball.', '2025-01-01 21:45:22', '2025-01-01 21:45:22'),
(23, 'Tennis', 'A game played with a racket and a small rubber ball', 5, 1, 'ten.s', 'https://fakeaudio.com/tennis.mp3', 'She enjoys tennis.', '2025-01-01 21:45:22', '2025-01-01 21:45:22'),
(24, 'Swimming', 'The sport or activity of moving through water by moving your arms and legs', 5, 1, 'swm.', 'https://fakeaudio.com/swimming.mp3', 'He is good at swimming.', '2025-01-01 21:45:22', '2025-01-01 21:45:22'),
(25, 'Volleyball', 'A game in which two teams hit a large ball over a high net using their hands', 5, 1, 'vl.i.bl', 'https://fakeaudio.com/volleyball.mp3', 'They played volleyball on the beach.', '2025-01-01 21:45:22', '2025-01-01 21:45:22'),
(26, 'Doctor', 'A qualified practitioner of medicine', 6, 1, 'dk.tr', 'https://fakeaudio.com/doctor.mp3', 'She visited the doctor.', '2025-01-01 21:45:22', '2025-01-01 21:45:22'),
(27, 'Medicine', 'A substance used for treating disease', 6, 1, 'med..sn', 'https://fakeaudio.com/medicine.mp3', 'He took some medicine.', '2025-01-01 21:45:22', '2025-01-01 21:45:22'),
(28, 'Vaccine', 'A substance used to stimulate the production of antibodies', 6, 1, 'vk.sin', 'https://fakeaudio.com/vaccine.mp3', 'The vaccine was administered.', '2025-01-01 21:45:22', '2025-01-01 21:45:22'),
(29, 'Hospital', 'An institution for medical treatment', 6, 1, 'hs.p.tl', 'https://fakeaudio.com/hospital.mp3', 'The hospital was busy.', '2025-01-01 21:45:22', '2025-01-01 21:45:22'),
(30, 'Nutrition', 'The process of obtaining the food necessary for health', 6, 1, 'njutr.n', 'https://fakeaudio.com/nutrition.mp3', 'Good nutrition is vital.', '2025-01-01 21:45:22', '2025-01-01 21:45:22'),
(31, 'School', 'An institution for educating children', 7, 1, 'skul', 'https://fakeaudio.com/school.mp3', 'They go to school daily.', '2025-01-01 21:45:22', '2025-01-01 21:45:22'),
(32, 'Teacher', 'A person who teaches, especially in a school', 7, 1, 'ti.tr', 'https://fakeaudio.com/teacher.mp3', 'The teacher explained the lesson.', '2025-01-01 21:45:22', '2025-01-01 21:45:22'),
(33, 'Student', 'A person who is studying at a school or college', 7, 1, 'stju.dnt', 'https://fakeaudio.com/student.mp3', 'The student did homework.', '2025-01-01 21:45:22', '2025-01-01 21:45:22'),
(34, 'Library', 'A building or room containing collections of books', 7, 1, 'la.brr.i', 'https://fakeaudio.com/library.mp3', 'We visited the library.', '2025-01-01 21:45:22', '2025-01-01 21:45:22'),
(35, 'Exam', 'A formal test of a persons knowledge', 7, 1, 'zm', 'https://fakeaudio.com/exam.mp3', 'He passed the exam.', '2025-01-01 21:45:22', '2025-01-01 21:45:22'),
(36, 'Journey', 'An act of traveling from one place to another', 8, 1, 'd.ni', 'https://fakeaudio.com/journey.mp3', 'The journey was long.', '2025-01-01 21:45:22', '2025-01-01 21:45:22'),
(37, 'Passport', 'An official document for traveling abroad', 8, 1, 'ps.pt', 'https://fakeaudio.com/passport.mp3', 'He showed his passport.', '2025-01-01 21:45:22', '2025-01-01 21:45:22'),
(38, 'Hotel', 'An establishment providing accommodation', 8, 1, 'htel', 'https://fakeaudio.com/hotel.mp3', 'We stayed at a hotel.', '2025-01-01 21:45:22', '2025-01-01 21:45:22'),
(39, 'Airport', 'A complex of runways for takeoff and landing of aircraft', 8, 1, 'e.pt', 'https://fakeaudio.com/airport.mp3', 'He waited at the airport.', '2025-01-01 21:45:22', '2025-01-01 21:45:22'),
(40, 'Tourist', 'A person who is traveling or visiting a place for pleasure', 8, 1, 't.rst', 'https://fakeaudio.com/tourist.mp3', 'The tourist took photos.', '2025-01-01 21:45:22', '2025-01-01 21:45:22'),
(41, 'Song', 'A piece of music with words', 9, 1, 's', 'https://fakeaudio.com/song.mp3', 'They sang a song.', '2025-01-01 21:45:22', '2025-01-01 21:45:22'),
(42, 'Melody', 'A sequence of musical notes', 9, 1, 'mel..di', 'https://fakeaudio.com/melody.mp3', 'The melody was beautiful.', '2025-01-01 21:45:22', '2025-01-01 21:45:22'),
(43, 'Guitar', 'A stringed musical instrument', 9, 1, 'tr', 'https://fakeaudio.com/guitar.mp3', 'He played the guitar.', '2025-01-01 21:45:22', '2025-01-01 21:45:22'),
(44, 'Piano', 'A large musical instrument with keys', 9, 1, 'pin.', 'https://fakeaudio.com/piano.mp3', 'She learned the piano.', '2025-01-01 21:45:22', '2025-01-01 21:45:22'),
(45, 'Drum', 'A percussion instrument sounded by being struck', 9, 1, 'drm', 'https://fakeaudio.com/drum.mp3', 'The drum kept the rhythm.', '2025-01-01 21:45:22', '2025-01-01 21:45:22'),
(46, 'Painting', 'A picture made using paint', 10, 1, 'pen.t', 'https://fakeaudio.com/painting.mp3', 'The painting was on the wall.', '2025-01-01 21:45:22', '2025-01-01 21:45:22'),
(47, 'Sculpture', 'A work of art made by carving or modeling', 10, 1, 'sklp.tr', 'https://fakeaudio.com/sculpture.mp3', 'We admired the sculpture.', '2025-01-01 21:45:22', '2025-01-01 21:45:22'),
(48, 'Canvas', 'A strong, rough cloth on which paintings are made', 10, 1, 'kn.vs', 'https://fakeaudio.com/canvas.mp3', 'He painted on a canvas.', '2025-01-01 21:45:22', '2025-01-01 21:45:22'),
(49, 'Exhibition', 'A public display of works of art', 10, 1, 'ek.sb.n', 'https://fakeaudio.com/exhibition.mp3', 'The exhibition was crowded.', '2025-01-01 21:45:22', '2025-01-01 21:45:22'),
(50, 'Brush', 'An implement with bristles used for painting', 10, 1, 'br', 'https://fakeaudio.com/brush.mp3', 'She used a brush to paint.', '2025-01-01 21:45:22', '2025-01-01 21:45:22');

-- --------------------------------------------------------

--
-- Table structure for table `word_progress`
--

CREATE TABLE `word_progress` (
  `id` int(11) NOT NULL,
  `user_id` int(11) DEFAULT NULL,
  `word_id` int(11) DEFAULT NULL,
  `status_id` int(11) DEFAULT NULL,
  `note` text DEFAULT NULL,
  `created_at` datetime DEFAULT NULL,
  `updated_at` datetime DEFAULT NULL
) ENGINE=InnoDB DEFAULT CHARSET=utf8mb4 COLLATE=utf8mb4_general_ci;

-- --------------------------------------------------------

--
-- Table structure for table `word_status`
--

CREATE TABLE `word_status` (
  `id` int(11) NOT NULL,
  `status_type` varchar(50) NOT NULL,
  `created_at` datetime DEFAULT NULL,
  `updated_at` datetime DEFAULT NULL
) ENGINE=InnoDB DEFAULT CHARSET=utf8mb4 COLLATE=utf8mb4_general_ci;

--
-- Dumping data for table `word_status`
--

INSERT INTO `word_status` (`id`, `status_type`, `created_at`, `updated_at`) VALUES
(1, 'FORGOT', '2025-01-01 21:45:22', '2025-01-01 21:45:22'),
(2, 'LEARNED', '2025-01-01 21:45:22', '2025-01-01 21:45:22');

--
-- Indexes for dumped tables
--

--
-- Indexes for table `admins`
--
ALTER TABLE `admins`
  ADD PRIMARY KEY (`id`),
  ADD UNIQUE KEY `username` (`username`);

--
-- Indexes for table `answers`
--
ALTER TABLE `answers`
  ADD PRIMARY KEY (`id`),
  ADD KEY `question_id` (`question_id`);

--
-- Indexes for table `books`
--
ALTER TABLE `books`
  ADD PRIMARY KEY (`id`),
  ADD KEY `genre_id` (`genre_id`);

--
-- Indexes for table `book_genre`
--
ALTER TABLE `book_genre`
  ADD PRIMARY KEY (`id`),
  ADD UNIQUE KEY `genre_type` (`genre_type`);

--
-- Indexes for table `chapters`
--
ALTER TABLE `chapters`
  ADD PRIMARY KEY (`id`);

--
-- Indexes for table `chapter_progress`
--
ALTER TABLE `chapter_progress`
  ADD PRIMARY KEY (`id`),
  ADD KEY `user_id` (`user_id`),
  ADD KEY `chapter_id` (`chapter_id`);

--
-- Indexes for table `daily_progress`
--
ALTER TABLE `daily_progress`
  ADD PRIMARY KEY (`id`),
  ADD KEY `user_id` (`user_id`);

--
-- Indexes for table `feedback`
--
ALTER TABLE `feedback`
  ADD PRIMARY KEY (`id`),
  ADD KEY `user_id` (`user_id`),
  ADD KEY `lesson_id` (`lesson_id`);

--
-- Indexes for table `friends`
--
ALTER TABLE `friends`
  ADD PRIMARY KEY (`id`),
  ADD KEY `sender_id` (`sender_id`),
  ADD KEY `receiver_id` (`receiver_id`),
  ADD KEY `status_id` (`status_id`);

--
-- Indexes for table `friend_status`
--
ALTER TABLE `friend_status`
  ADD PRIMARY KEY (`id`),
  ADD UNIQUE KEY `status_type` (`status_type`);

--
-- Indexes for table `goals`
--
ALTER TABLE `goals`
  ADD PRIMARY KEY (`id`),
  ADD KEY `user_id` (`user_id`);

--
-- Indexes for table `lessons`
--
ALTER TABLE `lessons`
  ADD PRIMARY KEY (`id`),
  ADD KEY `chapter_id` (`chapter_id`);

--
-- Indexes for table `lesson_progress`
--
ALTER TABLE `lesson_progress`
  ADD PRIMARY KEY (`id`),
  ADD KEY `user_id` (`user_id`),
  ADD KEY `lesson_id` (`lesson_id`);

--
-- Indexes for table `lesson_questions`
--
ALTER TABLE `lesson_questions`
  ADD PRIMARY KEY (`id`),
  ADD KEY `lesson_id` (`lesson_id`),
  ADD KEY `question_id` (`question_id`);

--
-- Indexes for table `messages`
--
ALTER TABLE `messages`
  ADD PRIMARY KEY (`id`),
  ADD KEY `sender_id` (`sender_id`),
  ADD KEY `receiver_id` (`receiver_id`);

--
-- Indexes for table `mistakes`
--
ALTER TABLE `mistakes`
  ADD PRIMARY KEY (`id`),
  ADD KEY `user_id` (`user_id`),
  ADD KEY `lesson_id` (`lesson_id`),
  ADD KEY `question_id` (`question_id`);

--
-- Indexes for table `notifications`
--
ALTER TABLE `notifications`
  ADD PRIMARY KEY (`id`),
  ADD KEY `user_id` (`user_id`),
  ADD KEY `type_id` (`type_id`);

--
-- Indexes for table `notification_type`
--
ALTER TABLE `notification_type`
  ADD PRIMARY KEY (`id`),
  ADD UNIQUE KEY `noti_type` (`noti_type`);

--
-- Indexes for table `part_of_speech`
--
ALTER TABLE `part_of_speech`
  ADD PRIMARY KEY (`id`),
  ADD UNIQUE KEY `pos_type` (`pos_type`);

--
-- Indexes for table `questions`
--
ALTER TABLE `questions`
  ADD PRIMARY KEY (`id`),
  ADD KEY `type_id` (`type_id`);

--
-- Indexes for table `question_type`
--
ALTER TABLE `question_type`
  ADD PRIMARY KEY (`id`),
  ADD UNIQUE KEY `ques_type` (`ques_type`);

--
-- Indexes for table `roles`
--
ALTER TABLE `roles`
  ADD PRIMARY KEY (`id`);

--
-- Indexes for table `topics`
--
ALTER TABLE `topics`
  ADD PRIMARY KEY (`id`),
  ADD UNIQUE KEY `name` (`name`);

--
-- Indexes for table `users`
--
ALTER TABLE `users`
  ADD PRIMARY KEY (`id`),
  ADD UNIQUE KEY `username` (`username`),
  ADD UNIQUE KEY `email` (`email`),
  ADD KEY `gender_id` (`gender_id`),
  ADD KEY `role_id` (`role_id`);

--
-- Indexes for table `user_answers`
--
ALTER TABLE `user_answers`
  ADD PRIMARY KEY (`id`),
  ADD KEY `user_id` (`user_id`),
  ADD KEY `question_id` (`question_id`);

--
-- Indexes for table `user_gender`
--
ALTER TABLE `user_gender`
  ADD PRIMARY KEY (`id`),
  ADD UNIQUE KEY `gender_type` (`gender_type`);

--
-- Indexes for table `words`
--
ALTER TABLE `words`
  ADD PRIMARY KEY (`id`),
  ADD KEY `part_of_speech_id` (`part_of_speech_id`),
  ADD KEY `topic_id` (`topic_id`);

--
-- Indexes for table `word_progress`
--
ALTER TABLE `word_progress`
  ADD PRIMARY KEY (`id`),
  ADD KEY `user_id` (`user_id`),
  ADD KEY `word_id` (`word_id`),
  ADD KEY `status_id` (`status_id`);

--
-- Indexes for table `word_status`
--
ALTER TABLE `word_status`
  ADD PRIMARY KEY (`id`),
  ADD UNIQUE KEY `status_type` (`status_type`);

--
-- AUTO_INCREMENT for dumped tables
--

--
-- AUTO_INCREMENT for table `admins`
--
ALTER TABLE `admins`
  MODIFY `id` int(11) NOT NULL AUTO_INCREMENT;

--
-- AUTO_INCREMENT for table `answers`
--
ALTER TABLE `answers`
  MODIFY `id` int(11) NOT NULL AUTO_INCREMENT, AUTO_INCREMENT=406;

--
-- AUTO_INCREMENT for table `books`
--
ALTER TABLE `books`
  MODIFY `id` int(11) NOT NULL AUTO_INCREMENT, AUTO_INCREMENT=13;

--
-- AUTO_INCREMENT for table `book_genre`
--
ALTER TABLE `book_genre`
  MODIFY `id` int(11) NOT NULL AUTO_INCREMENT, AUTO_INCREMENT=22;

--
-- AUTO_INCREMENT for table `chapters`
--
ALTER TABLE `chapters`
  MODIFY `id` int(11) NOT NULL AUTO_INCREMENT, AUTO_INCREMENT=16;

--
-- AUTO_INCREMENT for table `chapter_progress`
--
ALTER TABLE `chapter_progress`
  MODIFY `id` int(11) NOT NULL AUTO_INCREMENT;

--
-- AUTO_INCREMENT for table `daily_progress`
--
ALTER TABLE `daily_progress`
  MODIFY `id` int(11) NOT NULL AUTO_INCREMENT, AUTO_INCREMENT=44;

--
-- AUTO_INCREMENT for table `feedback`
--
ALTER TABLE `feedback`
  MODIFY `id` int(11) NOT NULL AUTO_INCREMENT;

--
-- AUTO_INCREMENT for table `friends`
--
ALTER TABLE `friends`
  MODIFY `id` int(11) NOT NULL AUTO_INCREMENT, AUTO_INCREMENT=4;

--
-- AUTO_INCREMENT for table `friend_status`
--
ALTER TABLE `friend_status`
  MODIFY `id` int(11) NOT NULL AUTO_INCREMENT, AUTO_INCREMENT=5;

--
-- AUTO_INCREMENT for table `goals`
--
ALTER TABLE `goals`
  MODIFY `id` int(11) NOT NULL AUTO_INCREMENT, AUTO_INCREMENT=24;

--
-- AUTO_INCREMENT for table `lessons`
--
ALTER TABLE `lessons`
  MODIFY `id` int(11) NOT NULL AUTO_INCREMENT, AUTO_INCREMENT=101;

--
-- AUTO_INCREMENT for table `lesson_progress`
--
ALTER TABLE `lesson_progress`
  MODIFY `id` int(11) NOT NULL AUTO_INCREMENT, AUTO_INCREMENT=5;

--
-- AUTO_INCREMENT for table `lesson_questions`
--
ALTER TABLE `lesson_questions`
  MODIFY `id` int(11) NOT NULL AUTO_INCREMENT, AUTO_INCREMENT=553;

--
-- AUTO_INCREMENT for table `messages`
--
ALTER TABLE `messages`
  MODIFY `id` int(11) NOT NULL AUTO_INCREMENT;

--
-- AUTO_INCREMENT for table `mistakes`
--
ALTER TABLE `mistakes`
  MODIFY `id` int(11) NOT NULL AUTO_INCREMENT, AUTO_INCREMENT=84;

--
-- AUTO_INCREMENT for table `notifications`
--
ALTER TABLE `notifications`
  MODIFY `id` int(11) NOT NULL AUTO_INCREMENT;

--
-- AUTO_INCREMENT for table `notification_type`
--
ALTER TABLE `notification_type`
  MODIFY `id` int(11) NOT NULL AUTO_INCREMENT, AUTO_INCREMENT=3;

--
-- AUTO_INCREMENT for table `part_of_speech`
--
ALTER TABLE `part_of_speech`
  MODIFY `id` int(11) NOT NULL AUTO_INCREMENT, AUTO_INCREMENT=11;

--
-- AUTO_INCREMENT for table `questions`
--
ALTER TABLE `questions`
  MODIFY `id` int(11) NOT NULL AUTO_INCREMENT, AUTO_INCREMENT=103;

--
-- AUTO_INCREMENT for table `question_type`
--
ALTER TABLE `question_type`
  MODIFY `id` int(11) NOT NULL AUTO_INCREMENT, AUTO_INCREMENT=3;

--
-- AUTO_INCREMENT for table `topics`
--
ALTER TABLE `topics`
  MODIFY `id` int(11) NOT NULL AUTO_INCREMENT, AUTO_INCREMENT=11;

--
-- AUTO_INCREMENT for table `users`
--
ALTER TABLE `users`
  MODIFY `id` int(11) NOT NULL AUTO_INCREMENT, AUTO_INCREMENT=31;

--
-- AUTO_INCREMENT for table `user_answers`
--
ALTER TABLE `user_answers`
  MODIFY `id` int(11) NOT NULL AUTO_INCREMENT, AUTO_INCREMENT=58;

--
-- AUTO_INCREMENT for table `user_gender`
--
ALTER TABLE `user_gender`
  MODIFY `id` int(11) NOT NULL AUTO_INCREMENT, AUTO_INCREMENT=4;

--
-- AUTO_INCREMENT for table `words`
--
ALTER TABLE `words`
  MODIFY `id` int(11) NOT NULL AUTO_INCREMENT, AUTO_INCREMENT=51;

--
-- AUTO_INCREMENT for table `word_progress`
--
ALTER TABLE `word_progress`
  MODIFY `id` int(11) NOT NULL AUTO_INCREMENT;

--
-- AUTO_INCREMENT for table `word_status`
--
ALTER TABLE `word_status`
  MODIFY `id` int(11) NOT NULL AUTO_INCREMENT, AUTO_INCREMENT=3;

--
-- Constraints for dumped tables
--

--
-- Constraints for table `answers`
--
ALTER TABLE `answers`
  ADD CONSTRAINT `answers_ibfk_1` FOREIGN KEY (`question_id`) REFERENCES `questions` (`id`);

--
-- Constraints for table `books`
--
ALTER TABLE `books`
  ADD CONSTRAINT `books_ibfk_1` FOREIGN KEY (`genre_id`) REFERENCES `book_genre` (`id`);

--
-- Constraints for table `chapter_progress`
--
ALTER TABLE `chapter_progress`
  ADD CONSTRAINT `chapter_progress_ibfk_1` FOREIGN KEY (`user_id`) REFERENCES `users` (`id`),
  ADD CONSTRAINT `chapter_progress_ibfk_2` FOREIGN KEY (`chapter_id`) REFERENCES `chapters` (`id`);

--
-- Constraints for table `daily_progress`
--
ALTER TABLE `daily_progress`
  ADD CONSTRAINT `daily_progress_ibfk_1` FOREIGN KEY (`user_id`) REFERENCES `users` (`id`);

--
-- Constraints for table `feedback`
--
ALTER TABLE `feedback`
  ADD CONSTRAINT `feedback_ibfk_1` FOREIGN KEY (`user_id`) REFERENCES `users` (`id`),
  ADD CONSTRAINT `feedback_ibfk_2` FOREIGN KEY (`lesson_id`) REFERENCES `lessons` (`id`);

--
-- Constraints for table `friends`
--
ALTER TABLE `friends`
  ADD CONSTRAINT `friends_ibfk_1` FOREIGN KEY (`sender_id`) REFERENCES `users` (`id`),
  ADD CONSTRAINT `friends_ibfk_2` FOREIGN KEY (`receiver_id`) REFERENCES `users` (`id`),
  ADD CONSTRAINT `friends_ibfk_3` FOREIGN KEY (`status_id`) REFERENCES `friend_status` (`id`);

--
-- Constraints for table `goals`
--
ALTER TABLE `goals`
  ADD CONSTRAINT `goals_ibfk_1` FOREIGN KEY (`user_id`) REFERENCES `users` (`id`);

--
-- Constraints for table `lessons`
--
ALTER TABLE `lessons`
  ADD CONSTRAINT `lessons_ibfk_1` FOREIGN KEY (`chapter_id`) REFERENCES `chapters` (`id`);

--
-- Constraints for table `lesson_progress`
--
ALTER TABLE `lesson_progress`
  ADD CONSTRAINT `lesson_progress_ibfk_1` FOREIGN KEY (`user_id`) REFERENCES `users` (`id`),
  ADD CONSTRAINT `lesson_progress_ibfk_2` FOREIGN KEY (`lesson_id`) REFERENCES `lessons` (`id`);

--
-- Constraints for table `lesson_questions`
--
ALTER TABLE `lesson_questions`
  ADD CONSTRAINT `lesson_questions_ibfk_1` FOREIGN KEY (`lesson_id`) REFERENCES `lessons` (`id`),
  ADD CONSTRAINT `lesson_questions_ibfk_2` FOREIGN KEY (`question_id`) REFERENCES `questions` (`id`);

--
-- Constraints for table `messages`
--
ALTER TABLE `messages`
  ADD CONSTRAINT `messages_ibfk_1` FOREIGN KEY (`sender_id`) REFERENCES `users` (`id`),
  ADD CONSTRAINT `messages_ibfk_2` FOREIGN KEY (`receiver_id`) REFERENCES `users` (`id`);

--
-- Constraints for table `mistakes`
--
ALTER TABLE `mistakes`
  ADD CONSTRAINT `mistakes_ibfk_1` FOREIGN KEY (`user_id`) REFERENCES `users` (`id`),
  ADD CONSTRAINT `mistakes_ibfk_2` FOREIGN KEY (`lesson_id`) REFERENCES `lessons` (`id`),
  ADD CONSTRAINT `mistakes_ibfk_3` FOREIGN KEY (`question_id`) REFERENCES `questions` (`id`);

--
-- Constraints for table `notifications`
--
ALTER TABLE `notifications`
  ADD CONSTRAINT `notifications_ibfk_1` FOREIGN KEY (`user_id`) REFERENCES `users` (`id`),
  ADD CONSTRAINT `notifications_ibfk_2` FOREIGN KEY (`type_id`) REFERENCES `notification_type` (`id`);

--
-- Constraints for table `questions`
--
ALTER TABLE `questions`
  ADD CONSTRAINT `questions_ibfk_1` FOREIGN KEY (`type_id`) REFERENCES `question_type` (`id`);

--
-- Constraints for table `users`
--
ALTER TABLE `users`
  ADD CONSTRAINT `users_ibfk_1` FOREIGN KEY (`gender_id`) REFERENCES `user_gender` (`id`),
  ADD CONSTRAINT `users_ibfk_2` FOREIGN KEY (`role_id`) REFERENCES `roles` (`id`);

--
-- Constraints for table `user_answers`
--
ALTER TABLE `user_answers`
  ADD CONSTRAINT `user_answers_ibfk_1` FOREIGN KEY (`user_id`) REFERENCES `users` (`id`),
  ADD CONSTRAINT `user_answers_ibfk_2` FOREIGN KEY (`question_id`) REFERENCES `questions` (`id`);

--
-- Constraints for table `words`
--
ALTER TABLE `words`
  ADD CONSTRAINT `words_ibfk_1` FOREIGN KEY (`part_of_speech_id`) REFERENCES `part_of_speech` (`id`),
  ADD CONSTRAINT `words_ibfk_2` FOREIGN KEY (`topic_id`) REFERENCES `topics` (`id`);

--
-- Constraints for table `word_progress`
--
ALTER TABLE `word_progress`
  ADD CONSTRAINT `word_progress_ibfk_1` FOREIGN KEY (`user_id`) REFERENCES `users` (`id`),
  ADD CONSTRAINT `word_progress_ibfk_2` FOREIGN KEY (`word_id`) REFERENCES `words` (`id`),
  ADD CONSTRAINT `word_progress_ibfk_3` FOREIGN KEY (`status_id`) REFERENCES `word_status` (`id`);
COMMIT;

/*!40101 SET CHARACTER_SET_CLIENT=@OLD_CHARACTER_SET_CLIENT */;
/*!40101 SET CHARACTER_SET_RESULTS=@OLD_CHARACTER_SET_RESULTS */;
/*!40101 SET COLLATION_CONNECTION=@OLD_COLLATION_CONNECTION */;
